inicio_s;archivo;bloque (escena)
0.00;musica/Anguish.mp3;hook (001)
131.44;musica/At_Rest.mp3;la familia (025)
341.26;musica/Aftermath.mp3;la transformación (062)
517.10;musica/Apprehension.mp3;el 20 de julio (091)
709.00;musica/Anxiety.mp3;la Sippenhaft (123)
868.80;musica/Atlantean_Twilight.mp3;Nina prisionera (151)
1127.68;musica/Awaiting_Return.mp3;los niños Meister (198)
1307.92;musica/Almost_in_F.mp3;los rehenes (232)
1500.78;musica/Bathed_in_the_Light.mp3;el reencuentro (266)
1545.79;musica/Ambiment.mp3;la posguerra (276)
1734.21;musica/At_Rest.mp3;los cinco destinos (311)
1912.93;musica/Bathed_in_the_Light.mp3;final (343)
