escena;inicio_s;fin_s;duracion_s;narracion
001;0.00;8.00;8.00;Agosto de 1944. En un valle cubierto de bosque, en las montañas del Harz, en el centro de Alemania,
002;8.00;15.00;7.00;cuatro hermanos llegan a un hogar infantil que no aparece en ningún cartel. El mayor acaba de cumplir diez años.
003;15.00;21.14;6.14;La más pequeña tiene tres. Nadie les explica por qué están ahí. Solo les comunican una regla nueva,
004;21.14;26.48;5.34;y es la más extraña de todas: a partir de ese día ya no tienen apellido.
005;26.48;28.78;2.30;Desde ahora son los niños Meister.
006;28.78;34.92;6.14;Su verdadero apellido es el que Adolf Hitler odia más que ningún otro en ese momento. Stauffenberg.
007;34.92;39.98;5.06;Pocas semanas antes, su padre había dejado una bomba bajo la mesa de mapas del Führer.
008;39.98;43.42;3.44;La bomba explotó. Hitler sobrevivió.
009;43.42;49.78;6.36;Y esa misma noche, en un patio de Berlín iluminado por los faros de unos vehículos, su padre fue fusilado.
010;49.78;56.38;6.60;Casi todas las historias terminan ahí. Los libros terminan ahí. La película de Hollywood termina ahí.
011;56.38;61.84;5.46;Pero para su familia, esa descarga de fusiles no fue el final. Fue el principio.
012;61.84;65.90;4.06;Dos semanas después, Heinrich Himmler, el jefe de las SS,
013;65.90;75.32;9.42;se plantó ante los jerarcas del partido y pronunció una promesa que hoy hiela la sangre: la familia Stauffenberg sería exterminada hasta el último miembro.
014;75.32;80.12;4.80;Hemos escuchado muchas veces qué pasó con las familias de los verdugos del Tercer Reich,
015;80.12;85.30;5.18;los hijos que heredaron la vergüenza de un apellido maldito. Esta es la historia inversa.
016;85.30;90.66;5.36;La de una familia castigada no por los crímenes de un padre, sino por el intento de detenerlos.
017;90.66;95.86;5.20;Hoy verás qué fue de la esposa embarazada a la que encerraron sola en un campo de concentración.
018;95.86;99.28;3.42;De la niña que nació prisionera y bajo un nombre falso.
019;99.28;104.04;4.76;De los hijos a los que el régimen planeaba repartir entre familias leales al nazismo.
020;104.04;108.40;4.36;De los parientes arrastrados de campo en campo como rehenes de las SS.
021;108.40;112.60;4.20;Y de por qué, cuando la guerra terminó, el apellido siguió pesando,
022;112.60;117.18;4.58;porque durante años una parte de Alemania siguió llamándolos los hijos del traidor.
023;117.18;123.82;6.64;Cinco hijos. Una viuda de treinta años. Y un apellido que el Tercer Reich quiso borrar del mapa.
024;123.82;131.44;7.62;Si te interesan las historias que empiezan justo donde terminan los libros de historia, suscríbete ahora y activa la campana. Empezamos.
025;131.44;136.02;4.58;Para entender lo que el régimen quiso destruir, primero hay que entrar en esa familia.
026;136.02;141.06;5.04;Y para eso hay que viajar a Bamberg, una pequeña ciudad de Baviera de tejados rojos,
027;141.06;144.02;2.96;iglesias barrocas y cuarteles de caballería.
028;144.02;148.14;4.12;Allí vivía una joven llamada Nina, Nina von Lerchenfeld.
029;148.14;155.20;7.06;Había nacido el 27 de agosto de 1913 lejos de Alemania, en Kaunas, en la actual Lituania.
030;155.20;162.06;6.86;Su padre pertenecía a la nobleza bávara. Su madre, Anna von Stackelberg, venía de la nobleza báltica.
031;162.06;168.48;6.42;Nina creció entre idiomas, libros y música, y quienes la conocieron la describen como una mujer culta,
032;168.48;176.74;8.26;independiente y poco dada a los convencionalismos. Todo lo contrario de la esposa sumisa que la propaganda nazi presentaba como modelo.
033;176.74;178.60;1.86;Guarda ese detalle en la memoria,
034;178.60;184.12;5.52;porque llegará un día en que su vida dependerá de fingir ser exactamente esa mujer que nunca fue.
035;184.12;189.90;5.78;En Bamberg estaba destinado un joven oficial de caballería llamado Claus Schenk, conde de Stauffenberg.
036;189.90;197.16;7.26;Había nacido el 15 de noviembre de 1907 en Suabia, en el seno de una antigua familia católica de la nobleza.
037;197.16;200.92;3.76;Su padre había sido mariscal de la corte del rey de Wurtemberg.
038;200.92;205.35;4.43;Su madre, Caroline, pertenecía a la familia de los condes de Üxküll.
039;205.35;213.42;8.07;Claus tenía dos hermanos mayores, gemelos, Berthold y Alexander, y había pasado los veranos de su infancia en Lautlingen,
040;213.42;220.67;7.25;una casa solariega en los montes del Jura de Suabia que más adelante se convertirá en uno de los escenarios clave de esta historia.
041;220.67;228.20;7.53;Claus y Nina se casaron en Bamberg en 1933, cuando ella tenía apenas veinte años.
042;228.20;231.44;3.24;Ese mismo año, Hitler llegaba al poder.
043;231.44;241.24;9.80;Los hijos llegaron uno tras otro. Berthold, el 3 de julio de 1934. Heimeran, en 1936.
044;241.24;245.60;4.36;Franz Ludwig, el 4 de mayo de 1938.
045;245.60;252.34;6.74;Y Valerie, el 15 de noviembre de 1940, el mismo día en que su padre cumplía treinta y tres años.
046;252.34;254.33;1.99;Pero el padre casi nunca estaba.
047;254.33;259.60;5.27;Claus era un oficial brillante y ambicioso, y su carrera lo llevaba de un destino a otro.
048;259.60;266.72;7.12;La Academia de Guerra en Berlín, la invasión de Polonia, la campaña de Francia, el Estado Mayor del Ejército.
049;266.72;271.74;5.02;Los niños crecían en Bamberg y pasaban los veranos en Lautlingen, con la abuela,
050;271.74;277.26;5.52;mientras su padre aparecía de vez en cuando, como un visitante querido y siempre apurado.
051;277.26;281.29;4.03;Y aquí hay que decir algo que muchas versiones románticas prefieren callar.
052;281.29;288.08;6.79;Claus von Stauffenberg no fue siempre un enemigo de Hitler. Como buena parte de la oficialidad conservadora,
053;288.08;292.88;4.80;al principio vio con simpatía el rearme y la revancha contra el Tratado de Versalles.
054;292.88;297.64;4.76;En septiembre de 1939, desde la Polonia recién invadida,
055;297.64;302.38;4.74;le escribió a Nina una carta que hoy los historiadores citan una y otra vez.
056;302.38;309.44;7.06;En ella describía a la población local como una chusma increíble, con muchísimos judíos y mucha mezcla, un pueblo que,
057;309.44;316.10;6.66;según escribió, solo se sentía a gusto bajo el látigo. El debate sobre esas palabras sigue abierto hasta hoy.
058;316.10;322.26;6.16;Y los niños, como casi todos los niños alemanes de su tiempo, crecieron dentro de ese mundo.
059;322.26;330.24;7.98;Décadas después, el hijo mayor, Berthold, lo reconocería sin rodeos: en su casa habían crecido como pequeños nazis.
060;330.24;337.64;7.40;Nadie en aquella familia sospechaba que el hombre que escribía esas cartas acabaría intentando matar al Führer con sus propias manos.
061;337.64;341.26;3.62;O, mejor dicho, con la única mano que le iba a quedar.
062;341.26;346.84;5.58;Lo que cambió a Claus von Stauffenberg no fue un solo momento, sino una acumulación.
063;346.84;354.42;7.58;Según sus biógrafos, entre 1941 y 1942, desde su puesto en el Estado Mayor,
064;354.42;362.06;7.64;tuvo noticia de lo que estaba ocurriendo en el frente oriental. Los fusilamientos masivos de judíos detrás de las líneas.
065;362.06;367.72;5.66;Los prisioneros de guerra soviéticos que morían de hambre por millones en campos a cielo abierto.
066;367.72;375.40;7.68;Y la convicción, cada vez más firme, de que Hitler estaba llevando a Alemania no solo hacia la derrota, sino hacia el crimen.
067;375.40;382.52;7.12;A comienzos de 1943 fue enviado a Túnez, como oficial de Estado Mayor de la décima división Panzer.
068;382.52;391.17;8.65;Y el 7 de abril de 1943, cerca de Mezzouna, en pleno desierto, unos cazas aliados ametrallaron su vehículo.
069;391.17;394.88;3.71;Claus quedó tendido en la arena, cubierto de sangre.
070;394.88;401.32;6.44;En un hospital de campaña en Sfax le amputaron la mano derecha. Perdió también dos dedos de la mano izquierda.
071;401.32;403.48;2.16;Y perdió el ojo izquierdo.
072;403.48;410.22;6.74;Imagina la escena. Un teniente coronel de treinta y cinco años, aristócrata, jinete, padre de cuatro hijos,
073;410.22;415.64;5.42;que despierta en una cama de hospital y descubre que no puede abrocharse la camisa.
074;415.64;423.14;7.50;Cualquiera habría pensado que su guerra había terminado. Que volvería a Bamberg, se retiraría y vería crecer a sus hijos.
075;423.14;431.22;8.08;Ocurrió exactamente lo contrario. Durante su recuperación, Claus llegó a una conclusión que ya no tendría marcha atrás.
076;431.22;435.42;4.20;Si nadie con acceso a Hitler se atrevía a actuar, lo haría él.
077;435.42;444.14;8.72;En otoño de 1943 se incorporó en Berlín al estado mayor del general Friedrich Olbricht, en la Oficina General del Ejército,
078;444.14;449.92;5.78;en el edificio de la calle Bendler. Allí entró en contacto pleno con la conspiración militar.
079;449.92;458.88;8.96;Y el 1 de julio de 1944 recibió el ascenso que lo cambiaría todo: coronel y jefe de Estado Mayor del Ejército de Reserva.
080;458.88;465.28;6.40;Ese cargo le daba algo que casi ningún conspirador tenía. Acceso directo a las reuniones de Hitler.
081;465.28;467.36;2.08;¿Y Nina? ¿Qué sabía?
082;467.36;471.32;3.96;Después de la guerra, ella misma se lo explicó a su hijo mayor.
083;471.32;475.78;4.46;Sabía que su marido estaba en la resistencia y que preparaba algo grande.
084;475.78;480.56;4.78;Lo que no sabía era que sería él, en persona, quien llevaría la bomba.
085;480.56;485.58;5.02;Y Claus le había dejado una instrucción muy precisa para el día en que todo saliera mal.
086;485.58;495.66;10.08;Si alguna vez la interrogaban, debía presentarse, en palabras de la propia Nina, como una tonta ama de casa, con niños, pañales y ropa sucia.
087;495.66;503.00;7.34;En julio de 1944, Nina llevó a sus cuatro hijos a pasar las vacaciones de verano en Lautlingen,
088;503.00;507.12;4.12;en la casa de la abuela. Estaba embarazada de su quinto hijo.
089;507.12;511.54;4.42;Y en Berlín, su marido ya tenía preparado un maletín con explosivos.
090;511.54;517.10;5.56;Nadie en aquella casa de campo imaginaba que en pocos días la Gestapo iba a cruzar su puerta.
091;517.10;524.43;7.33;El 20 de julio de 1944, en la Guarida del Lobo, el cuartel general de Hitler en Prusia Oriental,
092;524.43;530.04;5.61;Claus von Stauffenberg entró en la barraca donde se celebraba la reunión militar del mediodía.
093;530.04;535.82;5.78;Dejó el maletín bajo la pesada mesa de roble, cerca de Hitler, y salió con una excusa.
094;535.82;539.50;3.68;A las doce y cuarenta y dos minutos, la bomba explotó.
095;539.50;546.38;6.88;Según la reconstrucción más aceptada, alguien había movido el maletín detrás de uno de los gruesos soportes de la mesa.
096;546.38;551.98;5.60;La madera absorbió buena parte de la explosión. Cuatro personas murieron por las heridas.
097;551.98;559.02;7.04;Hitler salió con los pantalones hechos jirones, los tímpanos dañados y quemaduras leves. Estaba vivo.
098;559.02;567.68;8.66;Stauffenberg, convencido de que el dictador había muerto, voló de regreso a Berlín para poner en marcha el golpe de Estado, la Operación Valquiria.
099;567.68;576.08;8.40;Pero por la tarde las noticias empezaron a llegar desde Prusia Oriental. Hitler vivía. Los oficiales que dudaban cambiaron de bando.
100;576.08;581.04;4.96;Y al anochecer, el golpe se derrumbó en el mismo edificio donde había nacido.
101;581.04;587.77;6.73;Poco después de la medianoche, en el patio del edificio de la calle Bendler, iluminado por los faros de unos vehículos,
102;587.77;595.86;8.09;Claus von Stauffenberg fue fusilado junto al general Olbricht, al coronel Albrecht Mertz von Quirnheim y a su ayudante,
103;595.86;604.08;8.22;el teniente Werner von Haeften. Según los testigos, sus últimas palabras fueron un grito: «¡Viva la sagrada Alemania!».
104;604.08;609.50;5.42;Otros aseguraron haber escuchado «la Alemania secreta». Tenía treinta y seis años.
105;609.50;614.22;4.72;Su hermano Berthold, que estaba en el edificio esa noche, fue detenido allí mismo.
106;614.22;618.48;4.26;El 10 de agosto sería ahorcado en la prisión berlinesa de Plötzensee.
107;618.48;624.42;5.94;Los cuerpos de los fusilados fueron enterrados esa misma madrugada en un cementerio del barrio de Schöneberg,
108;624.42;630.76;6.34;con sus uniformes y sus condecoraciones. Pero Himmler no estaba dispuesto a permitir ni siquiera eso.
109;630.76;637.26;6.50;Ordenó desenterrarlos, quemar los cadáveres y esparcir las cenizas sobre unos campos a las afueras de Berlín.
110;637.26;642.94;5.68;No debía quedar una tumba. No debía quedar un lugar donde alguien pudiera dejar una flor.
111;642.94;649.12;6.18;Mientras tanto, pasada la una de la madrugada, las radios de toda Alemania emitieron la voz de Hitler.
112;649.12;656.04;6.92;Habló de una camarilla muy pequeña de oficiales ambiciosos, sin conciencia y criminales. Y pronunció un nombre.
113;656.04;658.74;2.70;El del coronel conde von Stauffenberg.
114;658.74;664.40;5.66;Al día siguiente, Nina reunió a sus hijos. Berthold lo recordaría toda su vida.
115;664.40;668.98;4.58;Su madre les dijo que había sido su padre quien había cometido el atentado.
116;668.98;675.12;6.14;El niño de diez años, que había crecido admirando al Führer, preguntó lo único que podía preguntar.
117;675.12;682.31;7.19;¿Por qué? ¿Por qué quería matar a Hitler? Nina respondió que su padre creía que tenía que hacerlo por Alemania.
118;682.31;689.42;7.11;Berthold admitiría después que en ese momento no lo entendieron. Heimeran, de ocho años, se echó a llorar.
119;689.42;695.36;5.94;En la noche del 22 al 23 de julio, la Gestapo llegó a Lautlingen y se llevó a Nina.
120;695.36;700.36;5.00;Los niños se quedaron en Lautlingen, sin saber cuándo volverían a ver a su madre.
121;700.36;703.08;2.72;Y eso era solo el primer movimiento.
122;703.08;709.00;5.92;Porque en Berlín, Heinrich Himmler ya estaba preparando algo mucho más grande que una detención.
123;709.00;715.36;6.36;El 3 de agosto de 1944, en la ciudad de Posen, Himmler habló ante los gauleiters,
124;715.36;717.80;2.44;los jefes regionales del partido nazi.
125;717.80;724.54;6.74;Allí desempolvó una idea que parecía sacada de la Edad Media: la Sippenhaft, la responsabilidad de la sangre.
126;724.54;731.50;6.96;Según explicó, entre los antiguos germanos, cuando un hombre cometía traición, toda su estirpe cargaba con la culpa.
127;731.50;736.32;4.82;Y anunció que el régimen aplicaría ese principio sin contemplaciones.
128;736.32;743.82;7.50;Entonces pronunció la frase que resume esta historia: la familia Stauffenberg será exterminada hasta el último miembro.
129;743.82;751.38;7.56;La ironía era brutal. Un régimen obsesionado con la sangre, que había clasificado a millones de personas por su sangre,
130;751.38;757.38;6.00;decidía ahora que la culpa también se transmitía por la sangre. Ya no importaba lo que hubieras hecho.
131;757.38;761.12;3.74;Importaba de quién eras hijo, hermano, sobrino o nieto.
132;761.12;769.02;7.90;La ola de detenciones fue inmediata. Alexander, el gemelo de Berthold, era historiador y servía como soldado en Grecia.
133;769.02;774.00;4.98;No había participado en el complot. Sus propios hermanos no se lo habían contado,
134;774.00;780.42;6.42;en parte porque Alexander era demasiado franco al hablar y en parte porque su esposa tenía ascendencia judía,
135;780.42;786.38;5.96;y eso la hacía especialmente vulnerable. Daba igual. A finales de julio lo detuvieron.
136;786.38;789.84;3.46;Detuvieron también a la madre de Nina, Anna von Lerchenfeld.
137;789.84;796.80;6.96;Y a tíos, primos, cuñadas y parientes ancianos que jamás habían pisado el edificio de la calle Bendler.
138;796.80;799.14;2.34;Su único delito era el apellido.
139;799.14;806.78;7.64;Para algunos, el castigo fue la muerte. Nikolaus von Üxküll, tío materno de Claus, que sí había participado en la conspiración,
140;806.78;811.58;4.80;fue ahorcado en Plötzensee el 14 de septiembre de 1944.
141;811.58;816.32;4.74;Peter Yorck von Wartenburg, su primo, había sido ejecutado el 8 de agosto.
142;816.32;823.42;7.10;Otro primo, Caesar von Hofacker, enlace de la conspiración en París, fue ejecutado el 20 de diciembre.
143;823.42;829.98;6.56;Hubo una excepción, y era tan extraña como reveladora. La esposa de Alexander se llamaba Melitta.
144;829.98;837.76;7.78;Era ingeniera aeronáutica y piloto de pruebas de la Luftwaffe, una de las poquísimas mujeres condecoradas con la Cruz de Hierro.
145;837.76;844.36;6.60;También fue detenida. Pero a las pocas semanas la soltaron, porque el régimen la necesitaba para sus aviones.
146;844.36;849.61;5.25;El Reich que despreciaba su ascendencia no podía permitirse prescindir de su talento.
147;849.61;854.60;4.99;Melitta usó esa libertad para algo que nadie le había pedido. Buscar a su familia.
148;854.60;857.92;3.32;Y esa búsqueda, como veremos, le costaría la vida.
149;857.92;864.32;6.40;Pero de todas las personas atrapadas en esa red, había una a la que la Gestapo vigilaba más que a nadie.
150;864.32;868.80;4.48;Una mujer embarazada, sola, que acababa de quedarse viuda.
151;868.80;874.66;5.86;Tras su detención, Nina fue llevada primero a la cárcel de Rottweil, cerca de Lautlingen.
152;874.66;881.78;7.12;Allí pasó una semana. Después la trasladaron a Berlín, al cuartel general de la Gestapo en la calle Prinz Albrecht,
153;881.78;887.68;5.90;el edificio más temido de Alemania. Durante tres semanas la interrogaron una y otra vez.
154;887.68;891.60;3.92;Y entonces Nina hizo exactamente lo que su marido le había pedido.
155;891.60;897.54;5.94;La mujer culta, políglota e independiente se convirtió, delante de los interrogadores,
156;897.54;902.04;4.50;en una ama de casa simple que solo sabía de niños, pañales y ropa sucia.
157;902.04;905.74;3.70;No les dio nada que la Gestapo no supiera ya.
158;905.74;910.24;4.50;Sus biógrafos destacan el valor y el autocontrol que mostró en aquellas semanas,
159;910.24;913.88;3.64;embarazada y sin saber qué había sido de sus hijos.
160;913.88;918.32;4.44;Después pasó por la prisión de la Alexanderplatz, también en Berlín.
161;918.32;924.46;6.14;Y de allí, al campo de concentración de Ravensbrück, el gran campo para mujeres al norte de la capital.
162;924.46;931.24;6.78;Allí la mantuvieron en régimen de aislamiento, en una celda individual, hasta finales de 1944.
163;931.24;936.54;5.30;Sin noticias de sus hijos. Sin noticias de su madre. Mientras su vientre crecía.
164;936.54;943.26;6.72;En enero de 1945, cuando se acercaba la fecha del parto, el régimen enfrentó un problema práctico.
165;943.26;947.56;4.30;No iba a dejar que la viuda de Stauffenberg diera a luz dentro de un campo.
166;947.56;953.00;5.44;Nina fue trasladada a una maternidad nazi en Fráncfort del Óder, en el este de Alemania.
167;953.00;959.90;6.90;Y allí, el 27 de enero de 1945, nació una niña. La llamó Konstanze.
168;959.90;964.74;4.84;Ese mismo día, a cientos de kilómetros, el Ejército Rojo entraba en Auschwitz.
169;964.74;968.04;3.30;Pero el Ejército Rojo también avanzaba hacia el Óder.
170;968.04;973.44;5.40;Y la madre y la recién nacida eran prisioneras demasiado valiosas para dejarlas atrás.
171;973.44;980.86;7.42;Nina, enferma por una inflamación grave después del parto, fue subida a un tren hospital rumbo a Berlín.
172;980.86;987.78;6.92;Fueron veinticuatro horas de viaje. Los bombardeos obligaron a desviar el transporte, que terminó en Potsdam.
173;987.78;995.78;8.00;El 5 de febrero de 1945, agentes de la Gestapo dejaron en el hospital católico de San José, en Potsdam,
174;995.78;1003.80;8.02;a una paciente registrada como «señora Schank» con su bebé. Fíjate en ese detalle. Ni siquiera la madre conservaba su nombre.
175;1003.80;1011.62;7.82;La Gestapo impuso reglas estrictas: la paciente no podía enviar ni recibir cartas sin permiso, no podía salir del recinto,
176;1011.62;1018.48;6.86;todo lo que ella y la niña necesitaban pasaba por sus manos, y los agentes aparecían sin aviso para inspeccionar.
177;1018.48;1021.32;2.84;El médico jefe del hospital, el doctor Schrank,
178;1021.32;1025.90;4.58;no tardó en descubrir por unos conocidos quién era en realidad su misteriosa paciente.
179;1025.90;1031.32;5.42;La viuda del hombre que había intentado matar a Hitler. Y tomó una decisión silenciosa.
180;1031.32;1032.76;1.44;Le aseguró todo su apoyo,
181;1032.76;1039.58;6.82;y se reservó para sí mismo la decisión de cuándo madre e hija estarían en condiciones de ser trasladadas.
182;1039.58;1045.80;6.22;La bebé estaba tan débil que primero una religiosa y después la propia Nina la bautizaron de urgencia,
183;1045.80;1047.82;2.02;por miedo a que no sobreviviera.
184;1047.82;1054.88;7.06;El 12 de abril de 1945, el capellán del hospital celebró por fin un bautismo formal.
185;1054.88;1062.62;7.74;La niña fue inscrita como Konstanze Schank. Su padrino fue el propio doctor Schrank. Y en plena ceremonia sonó el teléfono.
186;1062.62;1070.30;7.68;Era la Gestapo. El mensaje, según la historia reconstruida por la prensa de Potsdam, fue seco: ya era suficiente,
187;1070.30;1073.46;3.16;a las tres de la tarde pasarían a buscarlas a las dos.
188;1073.46;1076.06;2.60;Después de sesenta y seis días en aquel hospital,
189;1076.06;1084.00;7.94;un policía militar recibió la orden de llevar a Nina y a su bebé, bajo estricta vigilancia, hasta Schönberg, en el Bosque Bávaro.
190;1084.00;1090.60;6.60;Recuerda ese nombre, Schönberg, porque allí mismo el régimen tenía retenidos a otros miembros de su familia.
191;1090.60;1095.56;4.96;Lo que siguió fue una odisea en tren y a pie a través de un país que se desmoronaba.
192;1095.56;1100.72;5.16;El grupo terminó varado en Trogen, un pueblo cerca de Hof, en el norte de Baviera.
193;1100.72;1104.28;3.56;Y allí ocurrió algo que habría sido impensable un año antes.
194;1104.28;1109.44;5.16;Nina logró convencer a su guardián de que se fuera a su casa. Y el policía se fue.
195;1109.44;1115.10;5.66;Poco después, las tropas estadounidenses llegaron a la zona. Nina era libre.
196;1115.10;1120.38;5.28;Tenía en brazos a una niña de menos de tres meses que había conocido una maternidad nazi,
197;1120.38;1127.68;7.30;un tren hospital y un hospital vigilado por la Gestapo. Pero seguía sin saber dónde estaban sus otros cuatro hijos.
198;1127.68;1134.04;6.36;Para responder a esa pregunta, tenemos que volver atrás, al verano de 1944.
199;1134.04;1137.24;3.20;Y al valle del Harz donde empezó esta historia.
200;1137.24;1145.18;7.94;Mientras Nina era interrogada en Berlín, en agosto de 1944, los cuatro niños fueron sacados de Lautlingen por orden de Himmler.
201;1145.18;1149.62;4.44;Su destino era Bad Sachsa, un pueblo de montaña en el Harz.
202;1149.62;1157.10;7.48;A las afueras, en un valle llamado Borntal, había un conjunto de casas de madera, construidas como hogar de vacaciones infantil,
203;1157.10;1161.62;4.52;al estilo de las granjas de la Selva Negra. Un lugar de postal.
204;1161.62;1167.12;5.50;Desde mediados de agosto se convirtió en otra cosa. En una cárcel para niños.
205;1167.12;1173.66;6.54;Allí llegaron, en total, cuarenta y seis niños y adolescentes. El menor tenía un mes de vida.
206;1173.66;1175.72;2.06;El mayor, quince años.
207;1175.72;1183.18;7.46;Eran hijos y nietos de los conspiradores del 20 de julio, de familias como los Hofacker, los Goerdeler o los Tresckow.
208;1183.18;1189.92;6.74;Los separaron por edades y por sexo, los aislaron por completo del mundo exterior y les cambiaron los nombres.
209;1189.92;1192.56;2.64;Los Stauffenberg pasaron a ser los Meister.
210;1192.56;1194.64;2.08;No era solo un cambio en un papel.
211;1194.64;1200.36;5.72;Según los historiadores que han estudiado el caso, el plan del régimen era borrar su identidad y,
212;1200.36;1205.94;5.58;en el caso de los más pequeños, darlos en adopción a familias leales al nacionalsocialismo.
213;1205.94;1212.72;6.78;Si la guerra hubiera durado lo suficiente, los hijos de Stauffenberg podrían haber crecido con otro apellido, en otra casa,
214;1212.72;1217.90;5.18;sin saber jamás quién había sido su padre. Educados, quizás, para odiarlo.
215;1217.90;1221.56;3.66;Una de aquellas niñas, Christa von Hofacker, de doce años,
216;1221.56;1229.00;7.44;escribió un diario en el que describió la vida en el Borntal. La disciplina, el aislamiento, la incertidumbre.
217;1229.00;1232.76;3.76;Ninguno de esos niños sabía si sus madres seguían vivas.
218;1232.76;1238.42;5.66;A finales de octubre de 1944, Himmler cambió de estrategia.
219;1238.42;1246.80;8.38;Algunas madres fueron liberadas, y varios niños pudieron volver con sus familias. Pero los Stauffenberg no estaban en esa lista.
220;1246.80;1249.68;2.88;El apellido seguía siendo demasiado peligroso.
221;1249.68;1254.84;5.16;Y en la primavera de 1945 llegó el momento más oscuro.
222;1254.84;1260.84;6.00;Por Pascua, la orden fue trasladar a los dieciocho niños que quedaban al campo de concentración de Buchenwald,
223;1260.84;1265.96;5.12;donde las SS habían reunido a un gran grupo de prisioneros por razón de parentesco.
224;1265.96;1270.50;4.54;Un camión de la Wehrmacht debía llevarlos hasta la estación de tren de Nordhausen.
225;1270.50;1272.42;1.92;Pero un retraso lo cambió todo.
226;1272.42;1279.06;6.64;Poco antes de que llegaran a Nordhausen, la ciudad sufrió un bombardeo devastador y la estación quedó completamente destruida.
227;1279.06;1285.88;6.82;Los niños fueron devueltos a Bad Sachsa. Las bombas aliadas, sin saberlo, acababan de salvarlos.
228;1285.88;1293.66;7.78;El 12 de abril de 1945, las tropas estadounidenses ocuparon Bad Sachsa. Fíjate en la fecha.
229;1293.66;1298.64;4.98;Es el mismo día en que, en Potsdam, la Gestapo interrumpía el bautismo de Konstanze.
230;1298.64;1302.76;4.12;El mismo día en que a la madre la sacaban del hospital bajo custodia,
231;1302.76;1307.92;5.16;sus hijos quedaban fuera del alcance de las SS. Ninguno de ellos lo sabía.
232;1307.92;1311.70;3.78;Mientras tanto, los adultos de la familia vivían su propia pesadilla.
233;1311.70;1322.80;11.10;Desde febrero de 1945, la Gestapo había ido reuniendo a los prisioneros por parentesco en un barracón de aislamiento de Buchenwald, separado del campo principal.
234;1322.80;1327.12;4.32;Entre ellos había varios Stauffenberg, y entre ellos estaba Alexander.
235;1327.12;1333.76;6.64;A comienzos de abril, con los estadounidenses cada vez más cerca, las SS los evacuaron hacia el sur.
236;1333.76;1339.66;5.90;Regensburg. Schönberg, en el Bosque Bávaro. El campo de Dachau. Innsbruck.
237;1339.66;1343.60;3.94;Un convoy de rehenes que las SS arrastraban a través de los Alpes,
238;1343.60;1347.24;3.64;quizás como moneda de cambio para negociar con los aliados.
239;1347.24;1349.74;2.50;Y aquí la historia vuelve a Melitta.
240;1349.74;1354.36;4.62;En los últimos días de la guerra, la piloto de pruebas seguía buscando a su marido.
241;1354.36;1357.20;2.84;Supo que Alexander estaba retenido en Schönberg.
242;1357.20;1364.84;7.64;El 8 de abril de 1945 despegó en una avioneta de entrenamiento, una Bücker lenta y desarmada,
243;1364.84;1371.36;6.52;para intentar llegar hasta él. Cerca de Straßkirchen, en Baviera, un caza la atacó por detrás.
244;1371.36;1378.17;6.81;Según la mayoría de los investigadores, era un avión estadounidense cuyo piloto la confundió con otro aparato.
245;1378.17;1382.96;4.79;Melitta consiguió aterrizar. Murió dos horas después por las heridas de bala.
246;1382.96;1385.38;2.42;El convoy de rehenes siguió su camino.
247;1385.38;1392.18;6.80;El 24 de abril, en Dachau, ordenaron a los prisioneros recoger sus cosas y subir a unos autobuses.
248;1392.18;1394.16;1.98;Nadie les dijo adónde iban.
249;1394.16;1400.46;6.30;Cruzaron Innsbruck y los Alpes hasta Niederdorf, un pueblo del Tirol del Sur, en el norte de Italia.
250;1400.46;1404.92;4.46;Aquel convoy era uno de los grupos de prisioneros más extraños de toda la guerra.
251;1404.92;1412.76;7.84;Ciento treinta y nueve personas de diecisiete países. Estaban el antiguo canciller de Austria, Kurt Schuschnigg.
252;1412.76;1420.92;8.16;El antiguo primer ministro de Francia, Léon Blum. El pastor Martin Niemöller, uno de los grandes opositores religiosos al régimen.
253;1420.92;1428.02;7.10;Y, mezclados con ellos, los parientes de los conspiradores del 20 de julio, entre ellos varios Stauffenberg.
254;1428.02;1435.44;7.42;Según los historiadores que han reconstruido el episodio, las SS querían mantenerlos a disposición de Ernst Kaltenbrunner,
255;1435.44;1440.82;5.38;el jefe de la policía de seguridad del Reich, como moneda de cambio para negociar con los aliados.
256;1440.82;1449.38;8.56;Y varios de los prisioneros contaron después que temían que, si esa negociación fracasaba, sus guardianes tuvieran orden de eliminarlos.
257;1449.38;1451.16;1.78;No llegaron a comprobarlo.
258;1451.16;1458.94;7.78;El 30 de abril de 1945, soldados de la propia Wehrmacht, al mando del capitán Wichard von Alvensleben,
259;1458.94;1462.76;3.82;tomaron el control y pusieron a los rehenes bajo su protección.
260;1462.76;1466.66;3.90;Los llevaron a un hotel junto al lago de Braies, entre montañas.
261;1466.66;1474.04;7.38;El 4 de mayo llegaron las tropas estadounidenses, que terminaron trasladando a los antiguos rehenes a la isla de Capri.
262;1474.04;1481.64;7.60;Alexander von Stauffenberg sobrevivió. Su esposa había muerto tres semanas antes, intentando alcanzarlo.
263;1481.64;1490.56;8.92;No todos tuvieron esa suerte. Anna von Lerchenfeld, la madre de Nina, murió en 1945, todavía en cautiverio.
264;1490.56;1497.58;7.02;Las fuentes no coinciden en el lugar exacto: unas mencionan el campo de castigo de Matzkau, cerca de Danzig,
265;1497.58;1500.78;3.20;y otras hablan de un campo de detención soviético.
266;1500.78;1503.23;2.45;Y entonces llegó el reencuentro.
267;1503.23;1510.75;7.52;El 11 de junio de 1945 apareció en Bad Sachsa una tía abuela de los niños, la condesa Üxküll,
268;1510.75;1516.69;5.94;que durante años había sido directora de enfermeras de la Cruz Roja. Había alquilado un autobús.
269;1516.69;1520.15;3.46;Subió a los cuatro hermanos y los llevó de vuelta a Lautlingen.
270;1520.15;1523.47;3.32;Poco después, Nina llegó a la casa de la abuela.
271;1523.47;1527.71;4.24;Hacía casi un año que no veía a sus hijos ni sabía nada de ellos.
272;1527.71;1533.23;5.52;Los abrazó en la misma casa donde la Gestapo la había detenido. Y les presentó a alguien.
273;1533.23;1538.77;5.54;Una hermana de unos cinco meses que había nacido prisionera y que ellos nunca habían visto.
274;1538.77;1541.33;2.56;Los Meister volvían a ser los Stauffenberg.
275;1541.33;1545.79;4.46;Pero la guerra había terminado, y el apellido todavía no estaba a salvo.
276;1545.79;1552.58;6.79;La familia que se reunió en Lautlingen en el verano de 1945 había perdido casi todo.
277;1552.58;1559.57;6.99;Claus estaba muerto, sin tumba. Su hermano Berthold, ahorcado. El tío Nikolaus, ahorcado.
278;1559.57;1568.81;9.24;Los primos Peter Yorck y Caesar von Hofacker, ejecutados. Melitta, derribada en pleno vuelo. La abuela Anna, muerta en cautiverio.
279;1568.81;1572.11;3.30;La casa de Bamberg había sido confiscada y saqueada.
280;1572.11;1575.13;3.02;Y la nueva Alemania no los recibió como héroes.
281;1575.13;1577.21;2.08;Esto es lo que más sorprende hoy.
282;1577.21;1586.51;9.30;En 1951, el instituto de opinión Allensbach preguntó a los alemanes occidentales qué pensaban del atentado del 20 de julio.
283;1586.51;1591.77;5.26;Solo un cuarenta por ciento lo valoró positivamente. Un treinta por ciento lo condenó.
284;1591.77;1596.43;4.66;Y otro treinta por ciento no tenía opinión o decía no saber nada.
285;1596.43;1604.21;7.78;El rechazo era especialmente fuerte entre los antiguos militares de carrera. Para muchos de ellos, Stauffenberg no había sido un héroe,
286;1604.21;1610.15;5.94;sino un oficial que había roto su juramento y había apuñalado por la espalda a un ejército en guerra.
287;1610.15;1613.05;2.90;Por esos mismos años, Otto Ernst Remer,
288;1613.05;1619.29;6.24;el comandante del batallón de guardia que en 1944 había ayudado a aplastar el golpe en Berlín,
289;1619.29;1622.31;3.02;y que ahora era un dirigente de la ultraderecha,
290;1622.31;1626.27;3.96;se subió a una tribuna y llamó traidores a los hombres del 20 de julio.
291;1626.27;1628.69;2.42;Pero esta vez alguien le respondió.
292;1628.69;1636.11;7.42;El fiscal general de Braunschweig, Fritz Bauer, un jurista de origen judío que había sobrevivido al nazismo en el exilio,
293;1636.11;1638.57;2.46;lo llevó a juicio por difamación.
294;1638.57;1645.69;7.12;En marzo de 1952, durante cuatro días, aquel juicio se convirtió en un juicio sobre el 20 de julio.
295;1645.69;1652.61;6.92;Bauer defendió una idea tan simple como revolucionaria para la época: el Estado nazi no era un Estado de derecho,
296;1652.61;1658.35;5.74;sino un Estado de injusticia, y contra un Estado de injusticia no se puede cometer alta traición.
297;1658.35;1665.37;7.02;El tribunal condenó a Remer a tres meses de prisión y reconoció la resistencia del 20 de julio como legítima.
298;1665.37;1670.77;5.40;Por primera vez, una sentencia alemana quitaba a aquellos hombres el sello de traidores.
299;1670.77;1679.11;8.34;Ese fiscal no había terminado con el pasado. Pocos años después, Fritz Bauer impulsaría los grandes juicios de Auschwitz en Fráncfort.
300;1679.11;1685.87;6.76;Y sería él quien haría llegar en secreto a Israel la pista que permitió localizar en Argentina a Adolf Eichmann.
301;1685.87;1692.77;6.90;El mismo hombre que limpió el nombre de Stauffenberg ayudó a sentar en el banquillo a uno de los peores verdugos del Reich.
302;1692.77;1696.17;3.40;Para Nina, la reconstrucción fue lenta y silenciosa.
303;1696.17;1703.15;6.98;Vivió con sus cinco hijos en Lautlingen y se dedicó durante años a algo casi obsesivo: localizar los muebles,
304;1703.15;1708.07;4.92;los objetos y los recuerdos que les habían confiscado y robado de su casa de Bamberg.
305;1708.07;1713.77;5.70;Tardó ocho años. En 1953 pudo por fin volver a aquella casa.
306;1713.77;1717.75;3.98;Como otras viudas del 20 de julio, nunca volvió a casarse.
307;1717.75;1721.29;3.54;Y tomó una decisión que marcaría el resto de su vida.
308;1721.29;1726.39;5.10;Guardó la memoria de su marido, pero se negó a convertirlo en un monumento.
309;1726.39;1730.25;3.86;Rechazó casi siempre los discursos y los homenajes públicos.
310;1730.25;1734.21;3.96;Dejó que sus hijos decidieran por sí mismos qué pensar de su padre.
311;1734.21;1739.66;5.45;Y cada uno de esos cinco hijos encontró su propia manera de cargar con el apellido.
312;1739.66;1744.17;4.51;Berthold, el niño de diez años al que llamaron Meister, eligió el uniforme.
313;1744.17;1752.03;7.86;En 1956, cuando la Alemania occidental creó un ejército nuevo desde cero, la Bundeswehr, se alistó.
314;1752.03;1756.11;4.08;Hizo carrera durante treinta y ocho años y llegó a general de división.
315;1756.11;1762.99;6.88;Cuando se retiró en 1994 era el soldado con más años de servicio de todo el ejército alemán.
316;1762.99;1770.17;7.18;El hijo del hombre fusilado por alzarse contra el Estado alemán dedicó su vida a defender el Estado democrático que vino después.
317;1770.17;1777.84;7.67;En 2025, con noventa y un años, lo resumió en una frase: para él, su padre es un héroe.
318;1777.84;1782.11;4.27;Heimeran, el niño que lloró al escuchar la noticia, eligió el silencio.
319;1782.11;1787.59;5.48;Llevó una vida discreta, lejos de los aniversarios y las cámaras. Nunca se casó.
320;1787.59;1791.15;3.56;Murió en Zúrich el 20 de octubre de 2020.
321;1791.15;1796.63;5.48;Franz Ludwig, que tenía seis años cuando le cambiaron el apellido, eligió la política.
322;1796.63;1800.63;4.00;Estudió Derecho, se unió a la Unión Social Cristiana de Baviera,
323;1800.63;1808.65;8.02;fue diputado en el Parlamento alemán en los años setenta y ochenta y en 1984 dio el salto al Parlamento Europeo.
324;1808.65;1814.06;5.41;Durante décadas fue también uno de los guardianes más firmes de la memoria de su padre.
325;1814.06;1819.67;5.61;Valerie, la niña de tres años que llegó al Borntal casi sin entender nada, tuvo la vida más corta.
326;1819.67;1827.79;8.12;Se casó en 1964. Murió en Múnich el 4 de junio de 1966. Tenía veinticinco años.
327;1827.79;1835.97;8.18;Y Konstanze, la niña que nació prisionera en una maternidad nazi, eligió, quizás sin pensarlo, cerrar el círculo.
328;1835.97;1842.17;6.20;Se formó como enfermera de maternidad. Desde 1965 vive en Suiza.
329;1842.17;1849.07;6.90;Y en 2008 hizo algo que su madre nunca había hecho: escribir su historia. Publicó una biografía de Nina,
330;1849.07;1854.37;5.30;un retrato de la mujer que fingió ser una tonta ama de casa para sobrevivir a la Gestapo.
331;1854.37;1859.37;5.00;Nina vivió para verlo casi todo. Vio a su hijo mayor convertido en general,
332;1859.37;1864.05;4.68;al tercero en diputado y a su marido convertido en símbolo de la nueva Alemania.
333;1864.05;1870.21;6.16;Murió el 2 de abril de 2006 en Kirchlauter, cerca de Bamberg, a los noventa y dos años.
334;1870.21;1873.25;3.04;Sobrevivió a Claus casi sesenta y dos años.
335;1873.25;1876.69;3.44;Ni siquiera entonces el apellido dejó de generar polémica.
336;1876.69;1882.55;5.86;En 2007, cuando se anunció que Tom Cruise interpretaría a Stauffenberg en la película Valkyrie,
337;1882.55;1888.29;5.74;miembros de la familia criticaron públicamente la elección por la vinculación del actor con la Cienciología.
338;1888.29;1891.85;3.56;Y una nieta, la historiadora Sophie von Bechtolsheim,
339;1891.85;1896.69;4.84;publicó en 2019 un libro para desmontar las leyendas que rodean a su abuelo,
340;1896.69;1903.75;7.06;y lo dijo con todas las letras: su abuelo no era un superhéroe. Quizás por eso su historia importa más.
341;1903.75;1910.33;6.58;No fue un santo ni un personaje de película, sino un hombre lleno de contradicciones que, en un momento decisivo,
342;1910.33;1912.93;2.60;hizo lo que casi nadie se atrevió a hacer.
343;1912.93;1919.25;6.32;Al final, la historia de la familia Stauffenberg es un espejo invertido de las otras familias del Tercer Reich.
344;1919.25;1923.67;4.42;Los hijos de los verdugos crecieron con un apellido que era una vergüenza.
345;1923.67;1933.69;10.02;Los hijos de Stauffenberg crecieron con un apellido que, en 1944, era un delito. En 1951, una sospecha.
346;1933.69;1940.33;6.64;Y décadas después, un honor. El apellido no cambió. Cambió el país que lo pronunciaba.
347;1940.33;1946.51;6.18;Hoy, el patio de la calle Bendler donde Claus fue fusilado es un memorial a la resistencia alemana.
348;1946.51;1953.37;6.86;Cada 20 de julio, jóvenes reclutas del ejército alemán prestan juramento en Berlín en recuerdo de aquel día.
349;1953.37;1955.11;1.74;Hay calles y escuelas con su nombre.
350;1955.11;1961.13;6.02;Y en Lautlingen, el lugar donde la Gestapo detuvo a Nina y desde donde se llevaron a sus hijos,
351;1961.13;1964.67;3.54;hay hoy un memorial dedicado a los hermanos Stauffenberg.
352;1964.67;1970.63;5.96;¿Y Himmler? El hombre que ordenó quemar el cuerpo de Stauffenberg para que no tuviera tumba se quitó la vida
353;1970.63;1978.01;7.38;con una cápsula de cianuro el 23 de mayo de 1945, bajo custodia británica, en Lüneburg.
354;1978.01;1983.45;5.44;Los soldados británicos lo enterraron en secreto, en una fosa sin nombre en un bosque.
355;1983.45;1986.83;3.38;Hasta hoy, nadie sabe exactamente dónde está.
356;1986.83;1994.05;7.22;Himmler quiso borrar a los Stauffenberg de la faz de la tierra. Quiso que no quedara tumba, ni nombre, ni descendencia.
357;1994.05;1998.01;3.96;Al final, lo único que la historia borró fue su propia tumba.
358;1998.01;2001.87;3.86;Pero quizás la lección más profunda de esta historia sea otra.
359;2001.87;2007.31;5.44;La Sippenhaft partía de una idea monstruosa: que la culpa se hereda con la sangre.
360;2007.31;2010.63;3.32;Que un niño de diez años debe pagar por lo que hizo su padre.
361;2010.63;2014.15;3.52;Esa idea es falsa cuando se aplica a los hijos de un héroe,
362;2014.15;2017.73;3.58;y también cuando se aplica a los hijos de un criminal.
363;2017.73;2020.41;2.68;Lo que se hereda no es la culpa ni la gloria.
364;2020.41;2024.29;3.88;Lo que se hereda es la pregunta de qué hacer con el nombre que te tocó.
365;2024.29;2028.47;4.18;Los niños Meister nunca existieron. Los Stauffenberg, sí.
366;2028.47;2034.37;5.90;Y tú, ¿crees que los hijos deben cargar con lo que hicieron sus padres, para bien o para mal?
367;2034.37;2036.11;1.74;Te leo en los comentarios.
368;2036.11;2042.09;5.98;Si esta historia te pareció que merecía ser contada, dale like y suscríbete para no perderte la próxima.
369;2042.09;2044.15;2.06;Nos vemos en el siguiente video.
