escena;narración;tipo;título del archivo;autor;licencia;URL
001;Brooklyn, Nueva York. Enero de 2019. En la sala de un tribunal federal,;commons;File:Bklyn Fed Court Boerum Tillary jeh.JPG;Jim.henderson;Dominio público;https://commons.wikimedia.org/wiki/File%3ABklyn_Fed_Court_Boerum_Tillary_jeh.JPG
002;un hombre de treinta y dos años se sienta en la silla de los testigos.;openverse;Monday, July 28, 1913, Afternoon Session, Last Witness of the Day, Fulton County Superior Court, Month Long Trial of Leo Frank Begins;Leo Max Frank;Dominio público;https://www.flickr.com/photos/62196584@N02/8942099625
003;Lleva un traje azul marino y se le nota nervioso. Tiene motivos:;openverse;Close-up man suit unbuttoning his;;CC0;https://www.rawpixel.com/image/3284236/free-photo-image-mens-jewelry-businessman-accessory
004;a pocos metros, en la mesa de la defensa, está sentado Joaquín Guzmán Loera, el Chapo.;commons;File:Booking photo of Joaquin “El Chapo“ Guzman (front).jpg;DEA;Dominio público;https://commons.wikimedia.org/wiki/File%3ABooking_photo_of_Joaquin_%E2%80%9CEl_Chapo%E2%80%9C_Guzman_%28front%29.jpg
005;El juez ha tomado una medida poco común. Prohibió a los dibujantes del tribunal retratar la cara del testigo.;openverse;drawing hand;cdaltonrowe;CC BY 2.0;https://www.flickr.com/photos/30485180@N06/3967682030
006;Si el cártel llega a saber cómo luce hoy, podría encontrarlo.;openverse;;Thomas Leuthard;CC BY 2.0;https://www.flickr.com/photos/41346951@N05/14244495934
007;Según la cadena CNN, cuando empieza a declarar, el testigo y el Chapo se miran a los ojos.;openverse;Blue eye;Jovo Milanovic;CC BY 2.0;https://www.flickr.com/photos/92878447@N03/9320327191
008;No es un sicario. No es un narcotraficante. Es un informático.;pexels;5240956;Pexels;Licencia Pexels (uso libre);https://www.pexels.com/video/5240956/
009;Se llama Christian Rodríguez, y durante años fue el encargado de que nadie pudiera escuchar las conversaciones del Chapo.;ficha;t_nombre;Reino Criminal;Propio;
010;Y ahí, frente al jurado y frente a su antiguo jefe, cuenta lo que hizo después:;commons;File:Federal Courthouse Brooklyn.jpg;Beyond My Ken;CC BY-SA 4.0;https://commons.wikimedia.org/wiki/File%3AFederal_Courthouse_Brooklyn.jpg
011;«Les di acceso al servidor del Chapo Guzmán. Les di los nombres de usuario y las contraseñas».;ficha;t_acceso;Reino Criminal;Propio;
012;Un día antes, el jurado había escuchado por primera vez la voz del Chapo en grabaciones secretas.;openverse;Vintage AFCO Senior 75 Reel-To-Reel Tape Recorder, Battery And AC Power, Made In Japan;France1978;CC BY 2.0;https://www.flickr.com/photos/51764518@N02/14166679723
013;Una voz aguda, nasal, casi cantada, dando órdenes a sus pistoleros, hablando de sobornos a policías y de toneladas de cocaína.;ficha;g_onda;Reino Criminal;Propio;
014;Llamadas que el Chapo hizo convencido de que nadie podía oírlo.;openverse;We Got It Constantly;ShuttrKing|KT;CC BY 2.0;https://www.flickr.com/photos/46705519@N07/4862046147
015;Todas habían pasado por el sistema que construyó el hombre que ahora estaba en la silla de los testigos.;ficha;g_red;Reino Criminal;Propio;
016;Y todas habían terminado en manos del FBI. Cuando conoció al Chapo, Christian Rodríguez tenía veintiún años.;commons;File:El Chapo in U.S. 1.jpg;Immigration and Customs Enforcement/Servicio de Inmigración y Control de Aduanas de los Estados Unidos - Ted Psahos;Dominio público;https://commons.wikimedia.org/wiki/File%3AEl_Chapo_in_U.S._1.jpg
017;¿Cómo un estudiante que había dejado la universidad terminó volando a la sierra;dvids;DVIDS - Video - Air and Marine Operations ASTAR b-roll;DVIDS (gobierno de EE. UU.);Dominio público;https://www.dvidshub.net/video/438023
018;de Sinaloa para trabajar con el narcotraficante más buscado del planeta? ¿Cómo lo atrapó el FBI?;commons;File:ISS048-E-115 - View of Mexico.jpg;NASA (Earth Science and Remote Sensing Unit, JSC);Dominio público;https://commons.wikimedia.org/wiki/File%3AISS048-E-115_-_View_of_Mexico.jpg
019;¿Y qué pasa con un hombre que traiciona al Chapo y sigue vivo para contarlo?;ficha;t_preguntas;Reino Criminal;Propio;
020;Para entenderlo, hay que volver al principio. Esta es la historia del informático del Chapo…;openverse;My 1963 first edition compact cassette recorder still works WORLDS FIRST COMPACT CASSETTE RECORDER with the 1967 first mini compact cassette recorder;spondooley;CC BY-SA 2.0;https://www.flickr.com/photos/62618852@N07/5750218032
021;el hombre que lo entregó al FBI.;ficha;t_titulo;Reino Criminal;Propio;
022;Christian Rodríguez es colombiano. Según la prensa estadounidense que cubrió el juicio, nació a mediados de los años ochenta y estudió ingeniería,;mapa;m_colombia;Reino Criminal (mapa base: Natural Earth);Dominio público;
023;pero dejó la universidad antes de terminar. Tenía una idea: montar su propia empresa de seguridad informática. Era el momento perfecto.;openverse;Humboldt University Lecture Hall. Berlin, Germany.;Thomas Cummins;CC BY-SA 2.0;https://www.flickr.com/photos/36007426@N00/5405963318
024;A mediados de los años dos mil, los teléfonos inteligentes empezaban a llenar el mundo.;openverse;Smartphone Evolution;Phil Roeder;CC BY 2.0;https://www.flickr.com/photos/88876166@N00/5601654995
025;Las BlackBerry eran el símbolo de los empresarios.;commons;File:Blackberry Bold 9700.jpg;Warszawska róg Szerokiej w Tomaszowie Mazowiecki, w województwie łódzkim, PL, EU.;Dominio público;https://commons.wikimedia.org/wiki/File%3ABlackberry_Bold_9700.jpg
026;Y una pregunta empezaba a preocupar a muchas personas con dinero y algo que esconder: ¿quién puede leer mis mensajes?;pexels;7560581;Pexels;Licencia Pexels (uso libre);https://www.pexels.com/video/7560581/
027;Para los narcotraficantes, esa pregunta era de vida o muerte.;commons;File:United States of America v. Joaquín Guzmán Loera, Memorandum of Law in Support of Pretrial Detention, Exh. 1.jpg;U.S. Department of Justice;Dominio público;https://commons.wikimedia.org/wiki/File%3AUnited_States_of_America_v._Joaqu%C3%ADn_Guzm%C3%A1n_Loera%2C_Memorandum_of_Law_in_Support_of_Pretrial_Detention%2C_Exh._1.jpg
028;Durante décadas, las agencias antidrogas de Estados Unidos habían derribado a grandes capos de la misma manera: escuchando sus teléfonos.;openverse;Wiretap the Sky;CoreForce;CC BY 2.0;https://www.flickr.com/photos/58441544@N00/9436173683
029;Un capo puede esconderse en una montaña, cambiar de casa cada semana y rodearse de cientos de pistoleros.;openverse;White Mountains NRA;mypubliclands;CC BY 2.0;https://www.flickr.com/photos/91981596@N06/16102470394
030;Pero tarde o temprano tiene que hablar con alguien. Y en ese momento, si alguien está escuchando, queda expuesto.;openverse;Telephone;Tim G. Photography;CC BY 2.0;https://www.flickr.com/photos/93095839@N08/8645969039
031;Rodríguez tenía la respuesta. Sabía montar sistemas de comunicación cifrada:;ficha;g_cifrado;Reino Criminal;Propio;
032;redes privadas donde los mensajes y las llamadas viajan codificados, de modo que, si alguien los intercepta en el camino,;pexels;6963744;Pexels;Licencia Pexels (uso libre);https://www.pexels.com/video/6963744/
033;solo encuentra basura. Para leerlos hace falta una clave. Y esa clave la controla quien administra el sistema.;pexels;6330773;Pexels;Licencia Pexels (uso libre);https://www.pexels.com/video/6330773/
034;Para entenderlo sin palabras técnicas: es como mandar cada carta dentro de una caja fuerte.;openverse;Dial della cassaforte;psicologiaclinica;CC BY 2.0;https://www.flickr.com/photos/45712297@N04/5767626776
035;El cartero puede robarse la caja, pero no puede abrirla. Solo quien tiene la combinación puede leer lo que hay adentro.;openverse;Message to the mail man;gajman;CC BY 2.0;https://www.flickr.com/photos/33223059@N05/6645640933
036;Y en una red privada, quien reparte las combinaciones es el administrador.;ficha;g_caja;Reino Criminal;Propio;
037;Uno de sus primeros clientes grandes fue una familia de Medellín: los Cifuentes Villa. En la superficie, los Cifuentes eran empresarios.;openverse;Otra vista de Medellín;morrissey;CC BY 2.0;https://www.flickr.com/photos/44124369279@N01/10968365104
038;En los tribunales de Estados Unidos, eran otra cosa.;openverse;Court Gavel - Judge's Gavel - Courtroom;weiss_paarz_photos;CC BY-SA 2.0;https://www.flickr.com/photos/141290938@N03/26682691294
039;Según el Departamento de Estado, el clan había llevado a Estados Unidos más de treinta y un mil kilos de cocaína.;commons;File:United States of America v. Joaquín Guzmán Loera, Memorandum of Law in Support of Pretrial Detention, Exhibit 10 (C).jpg;U.S. Department of Justice;Dominio público;https://commons.wikimedia.org/wiki/File%3AUnited_States_of_America_v._Joaqu%C3%ADn_Guzm%C3%A1n_Loera%2C_Memorandum_of_Law_in_Support_of_Pretrial_Detention%2C_Exhibit_10_%28C%29.jpg
040;Su jefe, Jorge Milton Cifuentes, era uno de los proveedores colombianos del Cártel de Sinaloa.;ficha;t_jorge;Reino Criminal;Propio;
041;Washington llegó a ofrecer cinco millones de dólares por información para capturarlo.;ficha;t_5m;Reino Criminal;Propio;
042;Rodríguez montó para los Cifuentes un sistema de mensajes cifrados de extremo a extremo.;openverse;Phone security;Ervins Strauhmanis;CC BY 2.0;https://www.flickr.com/photos/76523360@N03/14365358930
043;Cada mensaje salía cerrado con una parte de la clave, y solo el destinatario, con la otra parte, podía abrirlo.;openverse;Two keys and key ring;themet;CC0;https://www.rawpixel.com/image/8285889/two-keys-and-key-ring
044;Todo pasaba por un servidor que él mismo administraba.;openverse;Server Rack!!!;im4t00l;CC BY-SA 2.0;https://www.flickr.com/photos/73292596@N00/11142912
045;Según su testimonio, llegó a crear unas cien extensiones para la familia y sus socios.;ficha;t_100ext;Reino Criminal;Propio;
046;Funcionó tan bien que Jorge Cifuentes decidió recomendarlo a alguien más.;openverse;handshake sealing the deal;franchiseopportunitiesphotos;CC BY-SA 2.0;https://www.flickr.com/photos/150276478@N03/34679366495
047;Su hermano, Alex Cifuentes, vivía desde 2007 en un lugar muy particular:;mapa;m_sierra;Reino Criminal (mapa base: Natural Earth);Dominio público;
048;escondido en la sierra de Sinaloa, junto a un socio de la familia.;pexels;4932405;Pexels;Licencia Pexels (uso libre);https://www.pexels.com/video/4932405/
049;Un hombre bajo, robusto, que llevaba años prófugo después de escaparse en 2001 de una cárcel de máxima seguridad.;commons;File:Booking photo of Joaquin “El Chapo“ Guzman (side).jpg;DEA;Dominio público;https://commons.wikimedia.org/wiki/File%3ABooking_photo_of_Joaquin_%E2%80%9CEl_Chapo%E2%80%9C_Guzman_%28side%29.jpg
050;Ese socio era el Chapo Guzmán. Y tenía un problema con la tecnología.;commons;File:El Chapo Guzman - DEA Picture 2017.png;Drug Enforcement Administration;Dominio público;https://commons.wikimedia.org/wiki/File%3AEl_Chapo_Guzman_-_DEA_Picture_2017.png
051;A principios de 2008, Christian Rodríguez, con veintiún años, aterrizó en Culiacán, la capital de Sinaloa.;commons;File:Vista panorámica de Culiacán.jpg;FAL56;CC BY-SA 4.0;https://commons.wikimedia.org/wiki/File%3AVista_panor%C3%A1mica_de_Culiac%C3%A1n.jpg
052;De ahí lo llevaron a una pista clandestina en las afueras de la ciudad y lo subieron a una avioneta.;openverse;Valley and Dirt Airstrip;Phliar;CC BY-SA 2.0;https://www.flickr.com/photos/56861611@N00/8016357370
053;Según contó en el juicio, el vuelo duró entre veinticinco y treinta minutos, sobre las montañas de la Sierra Madre.;commons;File:ISS048-E-119 - View of Mexico.jpg;NASA (Earth Science and Remote Sensing Unit, JSC);Dominio público;https://commons.wikimedia.org/wiki/File%3AISS048-E-119_-_View_of_Mexico.jpg
054;Él iba con miedo: la avioneta le parecía insegura.;pexels;5276568;Pexels;Licencia Pexels (uso libre);https://www.pexels.com/video/5276568/
055;Cuando aterrizaron en una pista corta, escondida entre los cerros, lo esperaba un grupo de hombres armados, vestidos como militares.;openverse;U.S. Marines perform simulated night;U.S. Forest Service (source);CC0;https://www.rawpixel.com/image/8738663/photo-image-sky-public-domain-men
056;Lo subieron a un vehículo todoterreno y lo llevaron montaña arriba hasta una casa pequeña. Adentro estaba Alex Cifuentes.;openverse;From Langar to Murghab, Tajikistan;Ninara;CC BY 2.0;https://www.flickr.com/photos/37583176@N00/44176726742
057;Y a su lado, el hombre cuyo nombre y fama Rodríguez ya conocía.;commons;File:Joaquín Guzmán Loera and Alex Cifuentes Villa.webp;United States Attorney's Office, Eastern District of New York;Dominio público;https://commons.wikimedia.org/wiki/File%3AJoaqu%C3%ADn_Guzm%C3%A1n_Loera_and_Alex_Cifuentes_Villa.webp
058;Años después, Alex Cifuentes le describió al jurado cómo era la vida en esas guaridas.;openverse;Mill @ Berry College;.:[ Melissa ]:.;CC BY 2.0;https://www.flickr.com/photos/93743458@N00/1703734026
059;El Chapo tenía alrededor de media docena repartidas por la sierra. Tenían televisión satelital y hasta servicio de limpieza.;openverse;Satellite Television;Phil Roeder;CC BY 2.0;https://www.flickr.com/photos/88876166@N00/18889096545
060;Y cuando el Ejército se acercaba, había que agarrar las armas y salir corriendo en la oscuridad. El problema era sencillo.;openverse;Running in the dark;Kimmo Räisänen;CC BY 2.0;https://www.flickr.com/photos/78756325@N06/22956605732
061;En la sierra no había internet. El Chapo se comunicaba con teléfonos satelitales, y esos teléfonos fallaban cuando llovía fuerte.;openverse;Satellite Phone;Fearghal O'Nuallain;CC BY 2.0;https://www.flickr.com/photos/11795120@N06/3153885402
062;Para un hombre que manejaba un negocio en varios continentes desde una montaña, quedarse sin señal era un problema serio.;openverse;Heavy Rain Shower;AlmazUK;CC BY 2.0;https://www.flickr.com/photos/8869029@N03/1815415291
063;Rodríguez les explicó el sistema que había montado para los Cifuentes y les dijo lo que necesitaba:;openverse;Mental Model;jurvetson;CC BY 2.0;https://www.flickr.com/photos/44124348109@N01/447302275
064;internet de alta velocidad en la sierra. En una segunda visita hizo la demostración.;openverse;satellite dishes;fennfoot;CC BY-SA 2.0;https://www.flickr.com/photos/48181031@N05/4713341299
065;Llamó de un teléfono a otro a través de la red.;openverse;2011/365/348 A Tale of Two Phones;cogdogblog;CC BY 2.0;https://www.flickr.com/photos/37996646802@N01/6514803505
066;Según su testimonio, hasta preparó un diagrama para explicárselo a los hombres mayores. «Les gustó», dijo.;ficha;g_diagrama;Reino Criminal;Propio;
067;Pero el Chapo tenía una preferencia. No le gustaba escribir. Le gustaba hablar.;openverse;Phone Conversation;n0nick;CC BY-SA 2.0;https://www.flickr.com/photos/37603552@N00/4717584327
068;Y preguntó si se podía hacer lo mismo con las llamadas de voz. Se podía.;openverse;NEC-ext-46;NEC Corporation of America;CC BY 2.0;https://www.flickr.com/photos/42956186@N04/14260117419
069;Rodríguez montó para el Cártel de Sinaloa una red de telefonía por internet, como la central de una empresa.;openverse;Vintage telephone switchboard;M McBey;CC BY 2.0;https://www.flickr.com/photos/158652122@N02/49467795397
070;Cada teléfono tenía una extensión. Las llamadas viajaban cifradas hasta servidores que él controlaba,;dvids;DVIDS - Video - 100th Communications Squadron B-Roll;DVIDS (gobierno de EE. UU.);Dominio público;https://www.dvidshub.net/video/893021
071;y desde fuera nadie podía marcar a esos números sin conocer la ruta. Además tenía un cortafuegos para impedir intrusos.;openverse;Firewalls;Leonardo Rizzi;CC BY-SA 2.0;https://www.flickr.com/photos/29479498@N05/3834148667
072;«Funcionaba como el sistema de una compañía», explicó en el juicio.;ficha;t_compania;Reino Criminal;Propio;
073;Según los testimonios, el Chapo mandó instalar el sistema en unos cien teléfonos. Él tenía tres números.;ficha;t_100tel;Reino Criminal;Propio;
074;Y en los mensajes, su nombre de usuario era una sola letra: «J».;ficha;t_J;Reino Criminal;Propio;
075;Jorge Cifuentes declaró en el juicio que Rodríguez les había prometido comunicaciones seguras por voz,;commons;File:Bklyn fed court Tech Pl jeh.jpg;Jim.henderson;CC0;https://commons.wikimedia.org/wiki/File%3ABklyn_fed_court_Tech_Pl_jeh.jpg
076;texto y datos para prácticamente toda la cúpula del cártel. Según él,;openverse;Feeling Connected;armandoalves;CC BY 2.0;https://www.flickr.com/photos/77945082@N00/3119906299
077;el Chapo podía conectarse por wifi desde sus escondites en la Sierra Madre;openverse;Free Wireless Internet;Wesley Fryer;CC BY 2.0;https://www.flickr.com/photos/31442459@N00/6851078802
078;y hablar con cualquier parte del mundo sin que las autoridades supieran lo que estaban haciendo.;openverse;Eye on Earth;EyeonEarth;CC BY 2.0;https://www.flickr.com/photos/80194969@N02/7186883425
079;El sistema no lo manejaba solo Rodríguez.;openverse;Directory Fail;Oran Viriyincy;CC BY-SA 2.0;https://www.flickr.com/photos/95482862@N00/3321412879
080;El Chapo tenía sus propios técnicos, y uno de ellos, conocido como Benjamín, también podía administrarlo.;pexels;5240978;Pexels;Licencia Pexels (uso libre);https://www.pexels.com/video/5240978/
081;Pero la arquitectura, las claves y los servidores los había montado el colombiano. Los servidores estaban en Canadá.;mapa;m_canada;Reino Criminal (mapa base: Natural Earth);Dominio público;
082;El Chapo le pagó cien mil dólares en efectivo por montar el sistema.;openverse;Stack of Money;401(K) 2013;CC BY-SA 2.0;https://www.flickr.com/photos/68751915@N05/6355364425
083;Rodríguez contó que el cártel gastó alrededor de un millón de dólares en toda la red, y que él,;ficha;t_1m;Reino Criminal;Propio;
084;con los años, ganó unos quinientos mil.;pexels;4275306;Pexels;Licencia Pexels (uso libre);https://www.pexels.com/video/4275306/
085;Para un joven que unos años antes estaba intentando arrancar una empresa pequeña, era una fortuna. Pero tenía un precio.;openverse;Startup Office;Startup Stock Photos;CC0;https://stocksnap.io/photo/startup-office-2WW4T9QVKO
086;El Chapo lo llamaba a cualquier hora.;openverse;Keele Street, Toronto, ON, Canada;MSVG;CC BY 2.0;https://www.flickr.com/photos/13907834@N00/4865220858
087;Rodríguez viajaba a Sinaloa más o menos cada mes y medio para hacer mantenimiento y revisar el sistema con él.;openverse;The Alps and the Journey (121/365, 17/52);swimparallel;CC BY-SA 2.0;https://www.flickr.com/photos/31677782@N03/3497745254
088;En el juicio dijo que se reunió con el Chapo en persona unas doce veces.;ficha;t_12;Reino Criminal;Propio;
089;Y en una de esas visitas entendió en qué se había metido.;pexels;16116385;Pexels;Licencia Pexels (uso libre);https://www.pexels.com/video/16116385/
090;En 2009, el Chapo lo mandó llamar a la sierra con un pedido enorme.;commons;File:Culiacán, Sinaloa (18428334871).jpg;sinaloaarchivohistorico;Sin restricciones conocidas;https://commons.wikimedia.org/wiki/File%3ACuliac%C3%A1n%2C_Sinaloa_%2818428334871%29.jpg
091;Según Rodríguez, quería instalar programas espía en todos los cibercafés de Culiacán, para saber qué decía la gente de él.;openverse;Internet Cafe - Cushing, Oklahoma;Wesley Fryer;CC BY-SA 2.0;https://www.flickr.com/photos/31442459@N00/3270147101
092;Rodríguez le explicó que, técnicamente, se podía. No alcanzaron a terminar la conversación. El Chapo recibió una llamada urgente:;openverse;Orange emergency call box with phone sign;Ivan Radic;CC BY 2.0;https://www.flickr.com/photos/26344495@N05/51632842413
093;el Ejército venía en camino. Todos salieron corriendo. El Chapo, Alex Cifuentes, unos quince hombres armados… y el informático colombiano.;dvids;DVIDS - Video - Mexican Naval Infantry Conduct Amphibious Operations Training at RIMPAC 2022;DVIDS (gobierno de EE. UU.);Dominio público;https://www.dvidshub.net/video/850522
094;Según su testimonio, caminaron durante tres días por la sierra, con los soldados detrás.;dvids;DVIDS - Video - B-Roll: Border Patrol agent patrols mountainous area by vehicle and on foot;DVIDS (gobierno de EE. UU.);Dominio público;https://www.dvidshub.net/video/984529
095;Uno de los escoltas cargaba un arma que, le dijeron, podía derribar un helicóptero. El Chapo, contó Rodríguez, estaba muy tranquilo.;openverse;Heavy Machine Gun;Gary Lee Todd, Ph.D.;CC0;https://www.flickr.com/photos/101561334@N08/9884947415
096;Él estaba aterrorizado. Después de esa huida volvió a Colombia.;pexels;19593286;Pexels;Licencia Pexels (uso libre);https://www.pexels.com/video/19593286/
097;Según Rolling Stone, nunca más volvió a ver al Chapo en persona. Pero siguió trabajando para él a distancia.;pexels;5495845;Pexels;Licencia Pexels (uso libre);https://www.pexels.com/video/5495845/
098;Porque para entonces, el Chapo ya le había encargado un trabajo más delicado que proteger sus llamadas.;openverse;251/365 It's Weird To Think;thebarrowboy;CC BY 2.0;https://www.flickr.com/photos/48778414@N04/6152305543
099;Quería espiar a los suyos. Poco después de que la red empezó a funcionar, el Chapo llamó a Rodríguez con una pregunta:;openverse;binoculars;Joanna Bourne;CC BY 2.0;https://www.flickr.com/photos/66992990@N00/6715378715
100;¿se podía vigilar a las personas cercanas a él? Se podía.;openverse;ND0_4287 - Caledos Runner on Lumia 820;Nicola since 1972;CC BY 2.0;https://www.flickr.com/photos/15216811@N06/8349232606
101;Existía un programa comercial llamado FlexiSPY, que se vendía en internet para, supuestamente, vigilar los teléfonos de hijos o empleados.;ficha;t_flexispy;Reino Criminal;Propio;
102;Una vez instalado, permitía ver la ubicación del teléfono, el registro de llamadas, los mensajes de texto y los correos.;ficha;g_flexi;Reino Criminal;Propio;
103;Y tenía una función más: encender a distancia el micrófono del aparato, sin que su dueño se diera cuenta.;openverse;Rode VideoMic Me;sridgway;CC BY 2.0;https://www.flickr.com/photos/68132273@N00/24385306410
104;Rodríguez volvió a volar a la sierra para explicárselo. El Chapo quedó encantado. Primero pidió diez teléfonos. Después pidió más.;openverse;LG G Flex;Janitors;CC BY 2.0;https://www.flickr.com/photos/65265630@N03/13238064933
105;Rodríguez instalaba el programa en aparatos nuevos, que luego el Chapo regalaba a quien él quería vigilar.;openverse;wrapped gifts with string and paper tape scissors on wood table;PersonalCreations.com;CC BY 2.0;https://www.flickr.com/photos/127294011@N07/18495564258
106;Los llamaba sus teléfonos «especiales». En total, según el testimonio, llegó a vigilar unos cincuenta teléfonos y computadoras. ¿A quién?;ficha;t_50;Reino Criminal;Propio;
107;A sus socios, a sus empleados. Y a las mujeres de su vida.;openverse;People Silhouettes;Free Nature Stock;CC0;https://stocksnap.io/photo/people-silhouettes-XNFOAP2EKI
108;Uno de esos teléfonos era el de su esposa, Emma Coronel.;openverse;Cinematic Smoker;SodanieChea;CC BY 2.0;https://www.flickr.com/photos/41942551@N02/8747071581
109;Otro, el de Agustina Cabanillas, una mujer con la que, según los mensajes presentados en el juicio,;openverse;Silhouette of Woman on Phone on Beach at Sunrise;jaliyaj;CC BY 2.0;https://www.flickr.com/photos/84303558@N00/3526091384
110;tenía una relación sentimental y que además le ayudaba a coordinar envíos de droga.;commons;File:United States of America v. Joaquín Guzmán Loera, Memorandum of Law in Support of Pretrial Detention, Exhibit 8.jpg;U.S. Department of Justice;Dominio público;https://commons.wikimedia.org/wiki/File%3AUnited_States_of_America_v._Joaqu%C3%ADn_Guzm%C3%A1n_Loera%2C_Memorandum_of_Law_in_Support_of_Pretrial_Detention%2C_Exhibit_8.jpg
111;Rodríguez contó en el tribunal uno de los trucos favoritos de su jefe.;openverse;Behold the Plain Old Telephone;cogdogblog;CC BY 2.0;https://www.flickr.com/photos/37996646802@N01/5434539111
112;El Chapo llamaba a alguien, conversaba normalmente y colgaba.;openverse;Don't leave me hangin' on the telephone;Flavia_FF;CC BY 2.0;https://www.flickr.com/photos/7471916@N04/1434535494
113;Y enseguida encendía el micrófono de ese teléfono, para escuchar qué decía de él cuando creía que ya nadie lo oía.;openverse;Sun Studios;MiiiSH;CC BY 2.0;https://www.flickr.com/photos/30955398@N03/3081346310
114;Alex Cifuentes lo resumió así ante el jurado: al Chapo le interesaba muchísimo lo que la gente decía de él.;ficha;t_alex;Reino Criminal;Propio;
115;Si no tenía que ver con él, no le importaba. La vigilancia llegó a ocuparle tanto tiempo que el Chapo llamaba;openverse;The Office;athrasher;CC0;https://www.flickr.com/photos/56544547@N00/4104506295
116;a Rodríguez varias veces al día con preguntas sobre el programa.;openverse;Computer Help Desk sign;Library, Metropolitan State University;CC0;https://www.flickr.com/photos/27324677@N03/3905316952
117;Al final le encargó a uno de sus hombres leer todos los reportes y avisarle de lo importante. Hubo quien sospechó.;openverse;Raincoat: man reading paper;omaniblog;CC BY 2.0;https://www.flickr.com/photos/80816405@N00/3026430049
118;En uno de los mensajes interceptados, Agustina Cabanillas le contaba a otra persona:;openverse;Useless, useless, O2;James Cridland;CC BY 2.0;https://www.flickr.com/photos/18378655@N00/346988504
119;«Ayer lo caché viendo un montón de fotos, como de cámaras de seguridad».;openverse;Security camera;Ervins Strauhmanis;CC BY 2.0;https://www.flickr.com/photos/76523360@N03/14550466174
120;Y que, cuando ella entró, él cerró rápido las ventanas.;openverse;Day 226 - My New Toy;slgckgc;CC BY 2.0;https://www.flickr.com/photos/14771153@N04/6041729835
121;El hombre más paranoico de México había convertido los teléfonos de sus seres queridos en micrófonos.;openverse;Peeping through a keyhole;Unhindered by Talent;CC BY-SA 2.0;https://www.flickr.com/photos/26406919@N00/2552549701
122;Lo que no sabía es que, muy pronto, alguien más iba a escuchar todo lo que él escuchaba.;openverse;Desk, keyboard and headphones;Ben Sutherland;CC BY 2.0;https://www.flickr.com/photos/60179301@N00/4610592612
123;En Estados Unidos, el FBI sabía que el Cártel de Sinaloa usaba un sistema cifrado.;openverse;Original entrance sign - SE corner - J Edgar Hoover Building - Washington DC - 2012;Tim Evanson;CC BY-SA 2.0;https://www.flickr.com/photos/23165290@N00/8078459224
124;Y lo intentó todo para entrar. No pudo.;openverse;Binary code;Christiaan Colen;CC BY-SA 2.0;https://www.flickr.com/photos/132889348@N07/20445410520
125;El agente especial Stephen Marston, experto en delitos informáticos, lo explicó en el juicio con una frase:;ficha;t_marston;Reino Criminal;Propio;
126;«Nos dimos cuenta de que, sin acceso desde adentro, no íbamos a poder entrar al sistema». Necesitaban a alguien de adentro.;openverse;Spooky Door;Steve Snodgrass;CC BY 2.0;https://www.flickr.com/photos/10710442@N08/5889234735
127;Y había una sola persona que tenía todas las llaves. En febrero de 2010, según The New York Times,;openverse;Bunch of keys;pixishared;CC BY-SA 2.0;https://www.flickr.com/photos/60614544@N02/6878462778
128;Christian Rodríguez viajó a Nueva York para una reunión de negocios en un hotel de Manhattan.;dvids;DVIDS - Video - F-22 New York City Flyover: Manhattan, Central Park, and the Statue of Liberty;DVIDS (gobierno de EE. UU.);Dominio público;https://www.dvidshub.net/video/977364
129;El cliente era un hombre que se presentaba como un mafioso ruso. Quería un sistema como el del Chapo:;pexels;5727833;Pexels;Licencia Pexels (uso libre);https://www.pexels.com/video/5727833/
130;una forma de hablar con sus socios sin que la policía pudiera escuchar. Rodríguez le explicó lo que podía hacer.;openverse;Business Meeting;DaveFayram;CC BY 2.0;https://www.flickr.com/photos/9511824@N05/4326574134
131;El mafioso ruso era un agente encubierto del FBI. Y la reunión estaba siendo grabada. El FBI esperó.;openverse;hidden camera;byzantiumbooks;CC BY 2.0;https://www.flickr.com/photos/10688882@N00/15003923435
132;Y en 2011 fue a buscarlo a Bogotá.;mapa;m_bogota;Reino Criminal (mapa base: Natural Earth);Dominio público;
133;Los agentes le dijeron que sabían que trabajaba para el Chapo y que estaba en serios problemas.;openverse;Interviews;David Davies;CC BY-SA 2.0;https://www.flickr.com/photos/44124390461@N01/3288235207
134;Le mostraron lo que tenían. Según su testimonio, al principio intentó salvarse diciendo que solo trabajaba para los Cifuentes:;openverse;A laptop with illuminated keyboard and green texts on the screen in a dark room.;SACHINRAJ CP;CC0;https://wordpress.org/photos/photo/73365c4fba/
135;le aterraba que lo relacionaran con el Chapo. Pero los agentes sabían que mentía. Ese mismo día aceptó cooperar.;ficha;t_coopera;Reino Criminal;Propio;
136;En un instante, el FBI había volteado al hombre que tenía las llaves;openverse;Antique Skeleton Keys;stockerre;CC BY 2.0;https://www.flickr.com/photos/51820557@N04/4770906166
137;de toda la red de comunicaciones de la organización de narcotráfico más grande del mundo.;commons;File:United States of America v. Joaquín Guzmán Loera, Memorandum of Law in Support of Pretrial Detention, Exhibit 5(A).jpg;U.S. Department of Justice;Dominio público;https://commons.wikimedia.org/wiki/File%3AUnited_States_of_America_v._Joaqu%C3%ADn_Guzm%C3%A1n_Loera%2C_Memorandum_of_Law_in_Support_of_Pretrial_Detention%2C_Exhibit_5%28A%29.jpg
138;Ahora había que entrar sin que nadie se diera cuenta. Y ahí Rodríguez hizo la jugada más arriesgada de su vida.;openverse;Knight Moves Chess Knight Club in Progress!!;Smart Chicago Collaborative;CC BY 2.0;https://www.flickr.com/photos/135719047@N04/25464107756
139;Les dijo a sus jefes que el sistema necesitaba una actualización de rutina.;openverse;What's in the making here?;▓▒░ TORLEY ░▒▓;CC BY-SA 2.0;https://www.flickr.com/photos/70285332@N00/4256916684
140;Como parte de esa actualización, movió los servidores de Canadá a los Países Bajos.;mapa;m_servidores;Reino Criminal (mapa base: Natural Earth);Dominio público;
141;Según el agente Marston, los Países Bajos se eligieron porque no le iban a parecer sospechosos al cártel.;openverse;A slice of Amsterdam;gags9999;CC BY 2.0;https://www.flickr.com/photos/37398884@N03/14168514772
142;Y porque allí, con la ayuda de las autoridades holandesas, el FBI podía descifrar los datos con más facilidad.;openverse;Tour de France 2015 - Dutch police car - Haastrecht - Zuid-Holland - Pays-Bas;Frans Berkelaar;CC BY-SA 2.0;https://www.flickr.com/photos/28169156@N03/18820336683
143;Con los servidores ya en territorio holandés, Rodríguez entregó las claves de cifrado.;openverse;my LaCie USB key (8GB);blakespot;CC BY 2.0;https://www.flickr.com/photos/35448539@N00/3925845859
144;Y también los nombres de usuario y las contraseñas de toda la red.;openverse;ENTER YOUR PASSWORD;marc falardeau;CC BY 2.0;https://www.flickr.com/photos/49889874@N05/6101434856
145;Durante esos meses, Rodríguez llevó una doble vida perfecta. Seguía contestando las llamadas del cártel, seguía resolviendo fallas, seguía cobrando.;openverse;the mask of agamemnon;Xuan Che;CC BY 2.0;https://www.flickr.com/photos/69275268@N00/5705122218
146;Y al mismo tiempo trabajaba para el FBI.;openverse;FBI Agent Carton;Mario A. P.;CC BY-SA 2.0;https://www.flickr.com/photos/99058495@N00/6582761969
147;Según el agente Marston, los técnicos del FBI se encontraron con problemas para descifrar parte de la información,;openverse;Data Security Breach;Visual Content;CC BY 2.0;https://www.flickr.com/photos/143601516@N03/29723649810
148;y varios de esos problemas los resolvió el propio Rodríguez, que podía entrar a los servidores a distancia.;openverse;cmd.exe;*n3wjack's world in pixels;CC BY-SA 2.0;https://www.flickr.com/photos/88875472@N00/3856456237
149;A partir de abril de 2011, cada vez que el Chapo levantaba el teléfono en la sierra,;pexels;6062828;Pexels;Licencia Pexels (uso libre);https://www.pexels.com/video/6062828/
150;la llamada viajaba cifrada hasta Holanda… y de ahí llegaba a los oídos del FBI.;openverse;fiber optic light;Tim Pierce;CC BY 2.0;https://www.flickr.com/photos/48439369@N00/2791283248
151;Los agentes la escuchaban unos días después.;openverse;Listening station;Timitrius;CC BY-SA 2.0;https://www.flickr.com/photos/34689432@N00/6315102717
152;Entre abril de 2011 y enero de 2012, el FBI captó alrededor de mil quinientas llamadas.;ficha;t_1500;Reino Criminal;Propio;
153;Según The New York Times, en unas doscientas se escucha al Chapo. Según el diario,;ficha;t_200;Reino Criminal;Propio;
154;fue una de las intervenciones telefónicas más extensas contra un acusado desde;openverse;Computer History Museum: Reel-to-reel tape machine;Marc_Smith;CC BY 2.0;https://www.flickr.com/photos/49503165485@N01/6246432493
155;que el FBI grabó en secreto al jefe mafioso John Gotti, en Nueva York.;pexels;12630477;Pexels;Licencia Pexels (uso libre);https://www.pexels.com/video/12630477/
156;Al principio, los agentes no tenían ninguna grabación segura de la voz del Chapo para comparar. Lo reconocían por el contexto:;openverse;Computers;orsorama;CC BY 2.0;https://www.flickr.com/photos/97928958@N00/8707125232
157;los demás le decían «señor», «el jefe», «el hombre».;ficha;t_senor;Reino Criminal;Propio;
158;Y por la voz, que el agente Marston describió como aguda, nasal y cantadita.;ficha;g_onda2;Reino Criminal;Propio;
159;Lo que se escucha en esas grabaciones es al jefe del Cártel de Sinaloa manejando su negocio en tiempo real.;commons;File:United States of America v. Joaquín Guzmán Loera, Memorandum of Law in Support of Pretrial Detention, Exhibit 7 (A).jpg;U.S. Department of Justice;Dominio público;https://commons.wikimedia.org/wiki/File%3AUnited_States_of_America_v._Joaqu%C3%ADn_Guzm%C3%A1n_Loera%2C_Memorandum_of_Law_in_Support_of_Pretrial_Detention%2C_Exhibit_7_%28A%29.jpg
160;En una llamada de abril de 2011, uno de sus pistoleros, Orso Iván Gastélum, el Cholo Iván,;ficha;t_cholo;Reino Criminal;Propio;
161;se queja de unos policías locales que estaban en la nómina pero no cumplían. El Cholo quiere golpearlos.;openverse;street of ACAPULCO;Prayitno / Thank you for (12 millions +) view;CC BY 2.0;https://www.flickr.com/photos/34128007@N04/4548416977
162;El Chapo lo calma. «No andes persiguiendo a los policías», le dice. «Ellos son los que ayudan».;ficha;t_policias;Reino Criminal;Propio;
163;El Cholo le contesta que fue él quien les enseñó a ser como lobos. En otra,;openverse;Gray wolf;USFWS Headquarters;Dominio público;https://www.flickr.com/photos/50838842@N06/6862200695
164;el Chapo habla de mandar a un operador apodado el Gato a sobornar a un nuevo comandante de la Policía Federal.;openverse;The eyes of an old black cat;Patrick Feller;CC BY 2.0;https://www.flickr.com/photos/32345848@N07/3773065364
165;Y en un momento increíble, el Gato le pasa el teléfono al comandante.;openverse;Ceremonia de presentación y abanderamiento de la Nueva División de Gendarmería de la Policía Federal.;Presidencia de la República Mexicana;CC BY 2.0;https://www.flickr.com/photos/90642778@N05/14817489297
166;El Chapo le dice que el Gato es de «la empresa» y le pide que lo cuide.;ficha;t_empresa;Reino Criminal;Propio;
167;En otra llamada, el Chapo negocia la compra de seis toneladas de cocaína con un representante de una guerrilla colombiana. Regatea el precio.;commons;File:United States of America v. Joaquín Guzmán Loera, Memorandum of Law in Support of Pretrial Detention, Exhibit 11 (B).jpg;U.S. Department of Justice;Dominio público;https://commons.wikimedia.org/wiki/File%3AUnited_States_of_America_v._Joaqu%C3%ADn_Guzm%C3%A1n_Loera%2C_Memorandum_of_Law_in_Support_of_Pretrial_Detention%2C_Exhibit_11_%28B%29.jpg
168;Insiste en mandar a un «técnico» a revisar la calidad de la droga antes de enviar el primer pago:;dvids;DVIDS - Video - B-Roll: CBP Officers find bundles hidden in a vehicle and run a test to identify the substance;DVIDS (gobierno de EE. UU.);Dominio público;https://www.dvidshub.net/video/984484
169;cincuenta mil dólares. Hay llamadas de todo tipo.;openverse;Money Roll - $100 Dollar Bills;401(K) 2013;CC BY-SA 2.0;https://www.flickr.com/photos/68751915@N05/6757882889
170;En una, el Chapo le da indicaciones a una mujer para llegar a la casa de Ismael Zambada, el Mayo,;openverse;winding road mountains bordered stream;;CC0;https://www.rawpixel.com/image/3304852/free-photo-image-flowes-png-cottage-abies
171;en medio de la sierra, y le explica que el camino ya está pavimentado.;openverse;Sierra Road;souravdas;CC BY 2.0;https://www.flickr.com/photos/23531860@N00/19403733461
172;En otra, saluda a una mujer con un «¿Cómo le va,;openverse;Old Pickup Truck;Joe Shlabotnik;CC BY 2.0;https://www.flickr.com/photos/40646519@N00/2845483303
173;hermosura?» y discuten porque ella no quiere vender una camioneta de él.;openverse;Close up Car key;Images_of_Money;CC BY 2.0;https://www.flickr.com/photos/59937401@N07/5857485174
174;Y como el Chapo seguía usando FlexiSPY, el FBI también pudo leer los mensajes de los teléfonos «especiales».;openverse;Phone hacking;Hacker- & Makerspace Bingen;CC BY 2.0;https://www.flickr.com/photos/182858135@N04/48357195187
175;Los de sus socios. Los de Agustina Cabanillas. Y los de su esposa.;commons;File:BlackBerry Bold 9790.jpg;Infev;CC BY-SA 4.0;https://commons.wikimedia.org/wiki/File%3ABlackBerry_Bold_9790.jpg
176;Los mensajes con Agustina Cabanillas eran, al mismo tiempo, cartas de amor y órdenes de trabajo.;openverse;Love letter circa 2003;staralee;CC BY 2.0;https://www.flickr.com/photos/26781710@N00/464250380
177;«Eres la persona más importante para mí, mi amor», le escribía el Chapo.;ficha;t_amor;Reino Criminal;Propio;
178;Y en la misma conversación le pedía que buscara a alguien dispuesto a «ir de pesca»:;openverse;Our trusty 'Zodiac' panga boat;p.j.k.;CC BY 2.0;https://www.flickr.com/photos/34550248@N07/9322845241
179;salir en una lancha a encontrarse en altamar con un barco del cártel cargado;dvids;DVIDS - Video - U.S. Coast Guard members board semi-submersible during counternarcotics patrol;DVIDS (gobierno de EE. UU.);Dominio público;https://www.dvidshub.net/video/911825
180;de droga y traerla de vuelta como si fuera pesca.;dvids;DVIDS - Video - B-Roll of CBP Heroin and Meth Seizure at the Port of San Luis, AZ;DVIDS (gobierno de EE. UU.);Dominio público;https://www.dvidshub.net/video/563558
181;Cuando ella le preguntaba si quería «las grandes» o «las chicas», según los fiscales estaban hablando de marihuana o de cocaína.;commons;File:United States of America v. Joaquín Guzmán Loera, Memorandum of Law in Support of Pretrial Detention, Exhibit 4.jpg;U.S. Department of Justice;Dominio público;https://commons.wikimedia.org/wiki/File%3AUnited_States_of_America_v._Joaqu%C3%ADn_Guzm%C3%A1n_Loera%2C_Memorandum_of_Law_in_Support_of_Pretrial_Detention%2C_Exhibit_4.jpg
182;Según los mensajes, el Chapo también le pagó una liposucción.;openverse;Operating Room;Mike Lacon;CC BY-SA 2.0;https://www.flickr.com/photos/44317797@N00/3680263866
183;En otro mensaje, Emma Coronel le pasa el teléfono a su padre.;openverse;An old telephone;kpirat;CC BY 2.0;https://www.flickr.com/photos/93538229@N04/15029386185
184;El Chapo le advierte que use solo la BlackBerry, porque trabajar con radios es peligroso: la Patrulla Fronteriza está escuchando.;openverse;Pair Of Vintage Heathkit Transistor Portable Broadcaster Walkie-Talkies, Model SK-10, Circa 1960s;France1978;CC BY 2.0;https://www.flickr.com/photos/51764518@N02/12843856214
185;Y le dice que, si usa la radio antes de un vuelo, mejor no mande ni un kilo, porque se cae todo.;openverse;A plane winks at me;Dan Eckberg;CC BY 2.0;https://www.flickr.com/photos/96717939@N03/9842417036
186;El hombre que le daba lecciones de seguridad a su suegro no sabía que el FBI estaba leyendo esa misma conversación.;openverse;Malware Infection;Visual Content;CC BY 2.0;https://www.flickr.com/photos/143601516@N03/29811036725
187;En el juicio, un agente del FBI leyó en voz alta, con tono monótono, la vida privada del Chapo.;dvids;DVIDS - Video - Camp Justice Court Room 1 B-roll;DVIDS (gobierno de EE. UU.);Dominio público;https://www.dvidshub.net/video/620742
188;Emma Coronel le decía «papi» o «don Joaquín». Él la llamaba «amor».;openverse;Week #21 Love [21of52];Camera Eye Photography;CC BY 2.0;https://www.flickr.com/photos/22605449@N06/7251568620
189;Hablaban de sus gemelas, nacidas en agosto de 2011, a las que el Chapo llamaba «mis reinitas». En un mensaje,;openverse;2nd week of july (6 of 20);EtanSivad;CC BY-SA 2.0;https://www.flickr.com/photos/15333658@N00/3708948382
190;él le aconsejaba registrar a las bebés con otro nombre para poder poner una casa nueva a nombre de ellas.;openverse;‎15:52 Bittersweetness;NMR Photo;CC BY 2.0;https://www.flickr.com/photos/33944304@N08/5639341010
191;En un mensaje, cuando las niñas tenían unos seis meses,;openverse;Baby's hand.;fruity monkey;CC BY 2.0;https://www.flickr.com/photos/29450586@N04/5346737067
192;el Chapo escribió que una de ellas no le tenía miedo a nada,;openverse;Setting up baby's crib;jhecking;CC BY 2.0;https://www.flickr.com/photos/27844104@N00/4779264824
193;y bromeó con darle un AK-47 «para que ande conmigo».;openverse;AK-47 Assault Rifle // Avtomat Kalashnikova 1947;brian.ch;CC BY 2.0;https://www.flickr.com/photos/23656781@N02/4286974159
194;Pero hacer de agente doble tiene un problema. Tarde o temprano, alguien empieza a hacer preguntas.;openverse;ShadowSelf;@Tuncay;CC BY 2.0;https://www.flickr.com/photos/116261672@N04/16833074048
195;En el verano de 2011, según el agente Marston, el Chapo pareció dejar de usar el sistema.;ficha;g_caida;Reino Criminal;Propio;
196;El número de llamadas cayó en picada. Rodríguez empezó a ponerse nervioso. Sentía que sus jefes sospechaban de él.;openverse;Anxiety Attack;PracticalCures;CC BY 2.0;https://www.flickr.com/photos/133128892@N02/23362513926
197;Y un día, escuchando una de las llamadas interceptadas, confirmó su peor miedo. Era Alex Cifuentes hablando con su madre.;openverse;Headphones / 24;Taylor Burnes;CC BY-SA 2.0;https://www.flickr.com/photos/46407758@N08/4842505983
198;Le decía que ya estaba confirmado. Que Christian era el soplón. Rodríguez huyó de Colombia a Estados Unidos.;ficha;t_soplon;Reino Criminal;Propio;
199;Después llegó su familia. Pero el FBI todavía lo necesitaba. En febrero de 2012,;openverse;Virgin America A-320 takeoff after dark, Bay Bridge in background;wbaiv;CC BY-SA 2.0;https://www.flickr.com/photos/9998127@N06/7588808554
200;le pidieron que viajara a México para trabajar en tiempo real;mapa;m_mexico2012;Reino Criminal (mapa base: Natural Earth);Dominio público;
201;con el sistema de espionaje del Chapo y ayudar a ubicarlo.;openverse;Portland GPS Logs - 2008-2012;aaronparecki;CC BY 2.0;https://www.flickr.com/photos/10970592@N04/6958126945
202;El hombre que el cártel sospechaba que era un soplón volvía a su territorio,;openverse;Cell Phone Tower;JeepersMedia;CC BY 2.0;https://www.flickr.com/photos/39160147@N03/13988750540
203;ahora siguiendo las señales de los teléfonos de su antiguo jefe. Esa vez, el Chapo no estaba en la sierra.;openverse;Cabo San Lucas Arch;nan palmero;CC BY 2.0;https://www.flickr.com/photos/97402086@N00/14163762006
204;Estaba en una casa de lujo en Los Cabos, en Baja California Sur,;openverse;Villa Paradiso;Jesse Wagstaff;CC BY 2.0;https://www.flickr.com/photos/49503128117@N01/4789359688
205;un destino turístico en la punta de la península.;openverse;Cabo San Lucas Marina;Kirt Edblom;CC BY-SA 2.0;https://www.flickr.com/photos/27190564@N02/8997386717
206;Apenas un día antes, la ciudad había recibido una reunión de cancilleres del G20, con la secretaria de Estado estadounidense,;openverse;La Secretaria de Estado Hillary Clinton llega a Los Cabos para reunión ministerial del G-20;USEmbassyMEX;Dominio público;https://www.flickr.com/photos/61972246@N08/6899929029
207;Hillary Clinton, entre ellos. Los mensajes de esos días quedaron grabados.;commons;File:BlackBerry Bold 9000.JPG;Metrónomo;CC BY-SA 2.5 ar;https://commons.wikimedia.org/wiki/File%3ABlackBerry_Bold_9000.JPG
208;El Chapo le escribe a Emma Coronel para saber si está bien. Ella le cuenta que vio un carro sospechoso.;openverse;cars-traffic-night-street;pixellaphoto;CC0;https://www.flickr.com/photos/137643065@N06/23698687744
209;Él le contesta que es del gobierno, que haga una vida normal: «solo quieren ver si vas a donde estoy yo».;ficha;t_normal;Reino Criminal;Propio;
210;Le pregunta si tiene un arma. Ella dice que sí, una de él. «Guárdala en el escondite, amor», le escribe.;openverse;Bletchley Mansion Secret Compartment!;Alina Sandu;CC BY 2.0;https://www.flickr.com/photos/35430244@N08/10383451715
211;Y de pronto, un mensaje corto: «Todo bien, amor. Luego te busco. Voy en camino».;ficha;t_voy;Reino Criminal;Propio;
212;La policía había llegado a la casa.;pexels;7714379;Pexels;Licencia Pexels (uso libre);https://www.pexels.com/video/7714379/
213;Según los mensajes presentados en el juicio, el Chapo le escribió después a su esposa:;openverse;Messaging on smartphone;StockyPics;CC0;https://www.flickr.com/photos/135371437@N04/22389367255
214;«Vi que estaban tocando la puerta de al lado y alcancé a saltarme». Se escapó otra vez.;ficha;t_saltar;Reino Criminal;Propio;
215;Detuvieron a tres de sus hombres y se llevaron teléfonos y libretas con información del sistema de comunicaciones.;openverse;Evidence bag!;erokism;CC BY 2.0;https://www.flickr.com/photos/10295270@N05/4105775699
216;Después, el hombre más buscado del mundo le pedía a su esposa que le comprara pantalones, ropa interior, zapatos…;openverse;Shopping Bags;noricum;CC BY-SA 2.0;https://www.flickr.com/photos/43437767@N00/2165369394
217;y tinte negro para el bigote. Christian Rodríguez siguió ayudando al FBI.;ficha;t_tinte;Reino Criminal;Propio;
218;Según su testimonio, instaló a distancia un localizador en el teléfono de Jorge Cifuentes,;openverse;local-search-map-pin-ss-1920;mjustinecorea;CC BY 2.0;https://www.flickr.com/photos/134793873@N06/32907466131
219;el hombre que lo había recomendado con el Chapo. En noviembre de 2012, Jorge Cifuentes fue detenido en Venezuela.;mapa;m_venezuela;Reino Criminal (mapa base: Natural Earth);Dominio público;
220;Más tarde lo extraditaron a Estados Unidos. En el juicio, Alex Cifuentes contó lo que pasó en la sierra.;dvids;DVIDS - Video - Aurora Contract Detention Facility -- Media B-Roll;DVIDS (gobierno de EE. UU.);Dominio público;https://www.dvidshub.net/video/701993
221;Dijo que el Chapo le contó que Rodríguez había dado información sobre su hermano a las autoridades.;openverse;Mountain Man Bed;halseike;CC BY 2.0;https://www.flickr.com/photos/99624358@N00/5303792087
222;Y que el Chapo le dio una orden: había que encontrarlo para matarlo. «Empecé a buscarlo», declaró Cifuentes. No lo encontraron.;ficha;t_buscarlo;Reino Criminal;Propio;
223;Rodríguez vivía en Estados Unidos, bajo la protección del gobierno federal. Pero en 2013 se derrumbó.;openverse;quiet suburban street terraced houses;;CC0;https://www.rawpixel.com/image/3301349/free-photo-image-car-city-road-asphalt
224;En el juicio contó que sufrió un colapso nervioso por el estrés.;openverse;Severalls - Blue Corridor;artwork_rebel;CC BY 2.0;https://www.flickr.com/photos/24092012@N03/2547812561
225;Que lo internaron dos veces en un hospital y que le aplicaron terapia electroconvulsiva, es decir, electrochoques.;openverse;Creepy bed frames sit in an empty room;simpleinsomnia;CC BY 2.0;https://www.flickr.com/photos/95329455@N02/16677234910
226;Dijo que el tratamiento no le borró los recuerdos lejanos,;openverse;clear sky foggy window;artethgray;CC BY 2.0;https://www.flickr.com/photos/36397453@N00/3085465966
227;solo los del día anterior y el día siguiente de cada sesión. Años después seguía tomando medicamentos y yendo a terapia.;openverse;Prescription Drugs - Prescription Bottle - Pills;weiss_paarz_photos;CC BY-SA 2.0;https://www.flickr.com/photos/141290938@N03/26682732344
228;Los fiscales explicaron otra razón de su miedo: después de que dejó de trabajar para el Chapo, el cártel intentó localizarlo.;openverse;;physiognomist;CC BY 2.0;https://www.flickr.com/photos/18636155@N00/356088330
229;Y en el juicio salió algo más.;openverse;Two Doors: Green & Red;David H. Chu;CC BY 2.0;https://www.flickr.com/photos/17685860@N00/8345185891
230;Según el propio Rodríguez, durante esos años tuvo dos familias paralelas, cada una con hijos,;openverse;Kids on the beach at sunset;Christian Haugen;CC BY 2.0;https://www.flickr.com/photos/34073237@N04/3273511103
231;y una no sabía de la existencia de la otra.;openverse;A cracked mirror - 280120093785;roland;CC BY 2.0;https://www.flickr.com/photos/35034347371@N01/3233909845
232;Mientras tanto, el Chapo siguió libre dos años más. Lo capturaron en Mazatlán en febrero de 2014.;mapa;m_capturas;Reino Criminal (mapa base: Natural Earth);Dominio público;
233;Se fugó por un túnel de la cárcel del Altiplano en julio de 2015.;openverse;Dark tunnel - Please stay here;ckaroli;CC BY-SA 2.0;https://www.flickr.com/photos/55538343@N00/1183780303
234;Y lo volvieron a atrapar en Los Mochis en enero de 2016.;dvids;DVIDS - Video - B-Roll: U.S. Marines, Mexican Naval Infantry participate in force-on-force;DVIDS (gobierno de EE. UU.);Dominio público;https://www.dvidshub.net/video/1016334
235;Un año después, el 19 de enero de 2017, lo extraditaron a Estados Unidos.;commons;File:EL Chapo Guzmán.jpg;United States Department of Justice;Dominio público;https://commons.wikimedia.org/wiki/File%3AEL_Chapo_Guzm%C3%A1n.jpg
236;Y en noviembre de 2018 empezó su juicio en Brooklyn. El caso de la fiscalía se apoyaba sobre todo en testigos:;dvids;DVIDS - Video - FWNY25: Freedom Run 2025 B-roll (Slow Motion);DVIDS (gobierno de EE. UU.);Dominio público;https://www.dvidshub.net/video/963840
237;antiguos socios, proveedores y pistoleros que habían decidido cooperar a cambio de reducir sus condenas.;openverse;A sketch of the interior view of the House of Lords, representing the trial of her majesty Queen Caroline LCCN2002719719;Fæ;CC BY 2.0;https://www.flickr.com/photos/50398299@N08/16201958338
238;La defensa del Chapo atacó a cada uno. Dijo que eran criminales confesos, mentirosos que lo acusaban para salvarse.;openverse;law books;j3net;CC BY 2.0;https://www.flickr.com/photos/10799299@N00/6902577030
239;Pero las llamadas de Christian Rodríguez eran otra cosa. No eran el recuerdo de alguien.;openverse;Ampex C12 computer cassette - Tape - Labelled - Face;stuart.childs;CC BY 2.0;https://www.flickr.com/photos/24001581@N07/13844622273
240;Era la voz del Chapo, dando órdenes con sus propias palabras. La defensa lo sabía.;openverse;Loudspeaker Sky;oinonio;CC BY-SA 2.0;https://www.flickr.com/photos/98063230@N00/3364234970
241;Antes del juicio, los abogados del Chapo habían pedido que se descartaran los mensajes obtenidos con FlexiSPY.;ficha;t_mocion;Reino Criminal;Propio;
242;Argumentaron que el gobierno no había seguido los procedimientos legales para conseguirlos. El juez rechazó el pedido. Los mensajes entraron como prueba.;ficha;t_rechazado;Reino Criminal;Propio;
243;Keegan Hamilton, un periodista que siguió todo el juicio, contó a la radio pública de Estados Unidos que,;openverse;My Podcast Set I;brainblogger;CC BY 2.0;https://www.flickr.com/photos/29205886@N08/2743534799
244;durante casi todo el proceso, el Chapo parecía de buen humor.;openverse;Courtroom;Dave Hogg;CC BY 2.0;https://www.flickr.com/photos/96223849@N00/5770622636
245;Pero la semana de Christian Rodríguez, en su cara apareció una mueca. Sabía que el jurado estaba escuchando su propia voz.;openverse;Death II;Mandee Tellings;CC BY 2.0;https://www.flickr.com/photos/57141801@N02/7201425404
246;El agente Marston explicó cómo habían confirmado que era él. Compararon la voz de las llamadas con dos grabaciones indiscutibles:;ficha;t_comparacion;Reino Criminal;Propio;
247;una llamada del Chapo desde la cárcel de Manhattan con una hermana,;commons;File:El Chapo Prison Uniform.jpg;Drug Enforcement Administration Museum;Dominio público;https://commons.wikimedia.org/wiki/File%3AEl_Chapo_Prison_Uniform.jpg
248;y el video de la entrevista que le hizo el actor Sean Penn en 2015. La defensa protestó:;openverse;Canon XA10 professional camcorder at CES 2011;Mr Gus;CC BY-SA 2.0;https://www.flickr.com/photos/49667153@N00/5340271909
249;no se había hecho un análisis científico de voz. Pero el jurado ya había escuchado.;openverse;Jury Box, Courtroom, Jackson County Courthouse, Edna, Texas 1710191501;Patrick Feller;CC BY 2.0;https://www.flickr.com/photos/32345848@N07/37852064042
250;Christian Rodríguez declaró los días 9 y 10 de enero de 2019.;ficha;t_9y10;Reino Criminal;Propio;
251;Los fiscales le preguntaron cómo se había sentido aquella vez;commons;File:ISS048-E-118 - View of Mexico.jpg;NASA (Earth Science and Remote Sensing Unit, JSC);Dominio público;https://commons.wikimedia.org/wiki/File%3AISS048-E-118_-_View_of_Mexico.jpg
252;que huyó por la sierra con el Chapo y el Ejército detrás.;dvids;DVIDS - Video - 10th Mountain Division on Patrol;DVIDS (gobierno de EE. UU.);Dominio público;https://www.dvidshub.net/video/67955
253;El abogado de la defensa le preguntó cuánto había ganado. Él no lo escondió:;openverse;Tip Jar at Open Bar;Dave Dugdale;CC BY-SA 2.0;https://www.flickr.com/photos/37387065@N05/5025601209
254;medio millón de dólares trabajando para el cártel, que el gobierno le permitió conservar.;ficha;t_500k;Reino Criminal;Propio;
255;Y más de cuatrocientos mil que le pagó el FBI en honorarios y gastos. Nunca fue acusado de ningún delito.;ficha;t_400k;Reino Criminal;Propio;
256;Nunca pasó un solo día preso. Y todavía esperaba algo más:;openverse;Free close man walking street;;CC0;https://www.rawpixel.com/image/5913034/photo-image-public-domain-person-free
257;la recompensa de hasta cinco millones de dólares que el Departamento de Estado ofrecía por Jorge Cifuentes.;ficha;t_recompensa;Reino Criminal;Propio;
258;«Tengo la esperanza y la ilusión de que los recibiré algún día», dijo ante el jurado.;ficha;t_ilusion;Reino Criminal;Propio;
259;En la sala estaba Emma Coronel, que asistió a casi todo el juicio.;openverse;Harry F. Sinclair & attys;libraryofcongress;CC0;https://www.rawpixel.com/image/6974494/harry-sinclair-attys-stand-32224
260;Escuchó cómo se leían en voz alta sus mensajes con su marido.;openverse;Transcription.;ianmunroe;CC BY 2.0;https://www.flickr.com/photos/86838704@N00/3132594347
261;Y también los mensajes de su marido con otra mujer. Según la revista Rolling Stone, no movió un músculo.;openverse;Marble Sculpture;pviojo;CC BY 2.0;https://www.flickr.com/photos/11268615@N00/4450926262
262;El 12 de febrero de 2019, el jurado declaró al Chapo culpable de los diez cargos en su contra.;ficha;t_culpable;Reino Criminal;Propio;
263;En julio lo condenaron a cadena perpetua más treinta años.;ficha;t_perpetua;Reino Criminal;Propio;
264;Hoy está en la cárcel federal de máxima seguridad de Florence, en Colorado, la más estricta de Estados Unidos.;pexels;5211491;Pexels;Licencia Pexels (uso libre);https://www.pexels.com/video/5211491/
265;Dos años después, en febrero de 2021, Emma Coronel fue detenida en un aeropuerto cerca de Washington.;dvids;DVIDS - Video - Washington DC Monuments BROLL 2021;DVIDS (gobierno de EE. UU.);Dominio público;https://www.dvidshub.net/video/791739
266;Se declaró culpable de narcotráfico y lavado de dinero, la condenaron a tres años de prisión y salió libre en 2023.;ficha;t_emma;Reino Criminal;Propio;
267;Jorge y Alex Cifuentes, los hermanos que llevaron a Rodríguez hasta la sierra,;ficha;t_cifuentes;Reino Criminal;Propio;
268;también terminaron cooperando con la fiscalía y declarando contra el Chapo.;openverse;Courtroom;srqpix;CC BY 2.0;https://www.flickr.com/photos/85549619@N00/4312159033
269;A Alex lo detuvieron a finales de 2013 en un rancho en las afueras de Culiacán,;openverse;No Known Restrictions: A Mexican Hacienda by William Henry Jackson, ca. 1884-1900 (LOC);pingnews.com;Dominio público;https://www.flickr.com/photos/39735679@N00/481792299
270;protegido por la escolta personal del Chapo. Desde la cárcel, su hermano Jorge lo convenció de colaborar con Estados Unidos.;dvids;DVIDS - Video - Detainee Facility;DVIDS (gobierno de EE. UU.);Dominio público;https://www.dvidshub.net/video/327421
271;Es decir: el hombre que recomendó al informático, y el hombre que recibió la orden de matarlo,;openverse;Courtroom;karen_neoh;CC BY 2.0;https://www.flickr.com/photos/50266725@N02/14931652922
272;terminaron sentados en la misma silla de los testigos que él. ¿Y Christian Rodríguez? Nadie sabe públicamente dónde está.;openverse;On a lonely road, going nowhere. (explored);Moody Fotografi;CC BY 2.0;https://www.flickr.com/photos/55697022@N08/25966616793
273;En 2019 vivía en Estados Unidos, bajo la protección del gobierno federal, posiblemente con otra identidad.;openverse;An American suburb;futureatlas.com;CC BY 2.0;https://www.flickr.com/photos/87913776@N00/4006681320
274;Desde entonces no ha vuelto a aparecer. ¿Qué fue Christian Rodríguez? Para el FBI, el informante perfecto:;openverse;;Magdalena Roeseler;CC BY 2.0;https://www.flickr.com/photos/84894254@N03/34548267911
275;el hombre que le abrió la puerta del sistema que nadie había podido romper.;openverse;relationships;why 137;CC BY 2.0;https://www.flickr.com/photos/78752351@N03/8491949631
276;Para el Cártel de Sinaloa, un soplón al que había que encontrar y matar.;openverse;Dark Alley;_Franck Michel_;CC BY 2.0;https://www.flickr.com/photos/33634811@N07/32822356335
277;Para los Cifuentes, el muchacho de confianza que ellos mismos habían recomendado.;openverse;Handshake - Men;amtec_photos;CC BY-SA 2.0;https://www.flickr.com/photos/141761303@N08/24898677508
278;Él, en el juicio, no se presentó como un héroe. No habló de valentía ni de justicia. Habló de miedo.;openverse;Fear;dryhead;CC BY 2.0;https://www.flickr.com/photos/38295844@N05/4980776534
279;De una avioneta sobre la sierra, de tres días huyendo del Ejército, de un colapso nervioso, de electrochoques, de medicamentos.;openverse;Taking Medication Daily - Person Taking Pills;Pharmacydirectgb.co.uk Images;CC BY 2.0;https://www.flickr.com/photos/194967666@N02/51868606377
280;Y de una recompensa que todavía esperaba cobrar.;openverse;wait;brdonovan;CC BY-SA 2.0;https://www.flickr.com/photos/58621196@N05/6496264699
281;Su historia dejó una lección que los cárteles y los gobiernos aprendieron al mismo tiempo.;openverse;Opened padlocks;zaphad1;CC BY 2.0;https://www.flickr.com/photos/25797459@N06/27469671504
282;Ningún sistema es más seguro que la persona que tiene las llaves.;openverse;The Church Key in Hand;Alan C King;Dominio público;https://www.flickr.com/photos/34575800@N04/55124008227
283;La batalla por los teléfonos cifrados no terminó con el Chapo.;openverse;Flickr in Facebook Home;cjmartin;CC BY 2.0;https://www.flickr.com/photos/42982698@N00/10076583435
284;En junio de 2021, el FBI y la policía de varios países revelaron una operación todavía más audaz:;ficha;t_anom;Reino Criminal;Propio;
285;durante años habían repartido entre organizaciones criminales unos doce mil teléfonos con una aplicación de mensajes supuestamente secreta, llamada ANOM.;openverse;the iOS family pile (2012);blakespot;CC BY 2.0;https://www.flickr.com/photos/35448539@N00/6860486028
286;La habían creado ellos mismos. Los teléfonos llegaron a más de trescientas organizaciones criminales en más de cien países,;ficha;t_anom2;Reino Criminal;Propio;
287;y cada mensaje que sus usuarios creían secreto terminaba en manos de la policía.;openverse;messages et appels airdroid;downloadsource.fr;CC BY 2.0;https://www.flickr.com/photos/128776630@N02/16340330345
288;Cuando la operación salió a la luz, más de ochocientas personas fueron detenidas en todo el mundo.;ficha;t_800;Reino Criminal;Propio;
289;Esta vez, el FBI no necesitó convencer a ningún informático para que le entregara las llaves.;openverse;Hacker Rene;Mr. Cacahuate;CC BY 2.0;https://www.flickr.com/photos/59371384@N08/5825972240
290;Esta vez, las llaves eran suyas desde el principio. Pero todo empezó con algo mucho más pequeño. Un muchacho de veintiún años,;openverse;Keys;Richard-G;CC BY 2.0;https://www.flickr.com/photos/19579419@N00/3549285383
291;una avioneta sobre la Sierra Madre y un narcotraficante que confió sus secretos al único hombre que podía venderlos.;pexels;4763824;Pexels;Licencia Pexels (uso libre);https://www.pexels.com/video/4763824/
292;El Chapo pasó años escuchando a escondidas a su esposa, a sus amantes y a sus socios,;openverse;Listen;FailedImitator;CC BY-SA 2.0;https://www.flickr.com/photos/25144737@N08/3724134630
293;convencido de que la información era poder. Tenía razón. Solo se equivocó en una cosa:;openverse;Secret files X Files NSA Archive at New Trier High School;spirobolos;CC BY-SA 2.0;https://www.flickr.com/photos/74928973@N02/14402908135
294;creyó que el único que escuchaba era él.;ficha;t_final;Reino Criminal;Propio;
