escena;inicio_s;fin_s;tipo;archivo en medios/;fuente;enlace;licencia;autor / atribución
001;0.00;7.68;CLIP;001.mp4;Universal Newsreel: 1945-05-14 Beaten Nazis Sign Historic Surrender (desde 136 s);https://archive.org/details/universal_newsreels;Dominio público;
002;7.68;12.62;CLIP;002.mp4;Universal Newsreel: 1944-12-20 Allies Fight Fierce Nazi Counter-Blow (desde 180 s);https://archive.org/details/universal_newsreels;Dominio público;
003;12.62;19.80;COM;003.jpg;Remagen enclosure.jpg;https://commons.wikimedia.org/wiki/File%3ARemagen_enclosure.jpg;Public domain;Unknown author
004;19.80;26.56;CLIP;004.mp4;Universal Newsreel: 1945-05-14 Beaten Nazis Sign Historic Surrender (desde 112 s);https://archive.org/details/universal_newsreels;Dominio público;
005;26.56;30.10;IA;005.png;close-up of a man's bare upper left arm, sleeve rolled up, an American soldier's hand holding the arm, inspection, prisoner of war camp 1945;;Generada con IA (SD-Turbo, Stability AI Community License);
006;30.10;35.78;CLIP;006.mp4;Universal Newsreel: 1945-05-14 Beaten Nazis Sign Historic Surrender (desde 124 s);https://archive.org/details/universal_newsreels;Dominio público;
007;35.78;37.54;IA;007.png;close-up of a small blue ink tattooed letter on the inner side of a man's upper arm, skin detail, 1945;;Generada con IA (SD-Turbo, Stability AI Community License);
008;37.54;44.76;BA;008.jpg;Bundesarchiv Bild 146-1977-143-11, Frankreich, Lagebesprechung von Waffen-SS-Soldaten.jpg;https://commons.wikimedia.org/wiki/File%3ABundesarchiv_Bild_146-1977-143-11%2C_Frankreich%2C_Lagebesprechung_von_Waffen-SS-Soldaten.jpg;CC BY-SA 3.0 de;Bundesarchiv, Bild 146-1977-143-11 / Woscidlo, Wilfried / CC-BY-SA 3.0
009;44.76;52.42;IA;009.png;German army field hospital 1943, wounded soldier on a stretcher receiving a blood transfusion, medics, tent;;Generada con IA (SD-Turbo, Stability AI Community License);
010;52.42;54.98;CLIP;010.mp4;Universal Newsreel: 1945-05-14 Beaten Nazis Sign Historic Surrender (desde 144.5 s);https://archive.org/details/universal_newsreels;Dominio público;
011;54.98;64.38;IA;011.png;close-up of a round burn scar on the inner side of a man's upper arm, rolled-up sleeve, harsh light, 1945;;Generada con IA (SD-Turbo, Stability AI Community License);
012;64.38;70.76;CLIP;012.mp4;Universal Newsreel: 1944-12-20 Allies Fight Fierce Nazi Counter-Blow (desde 164 s);https://archive.org/details/universal_newsreels;Dominio público;
013;70.76;73.36;COM;013.jpg;Josef Mengele, Auschwitz. Album Höcker (cropped).jpg;https://commons.wikimedia.org/wiki/File%3AJosef_Mengele%2C_Auschwitz._Album_H%C3%B6cker_%28cropped%29.jpg;Public domain;Unknown, i.e. either Bernhard Walther or Ernst Hofmann or…
014;73.36;80.54;COM;014.jpg;Mengele2 (cropped).jpg;https://commons.wikimedia.org/wiki/File%3AMengele2_%28cropped%29.jpg;CC BY-SA 3.0;Jackdawson1970
015;80.54;86.24;COM;015.jpg;Mengele2.jpg;https://commons.wikimedia.org/wiki/File%3AMengele2.jpg;CC BY-SA 3.0;Jackdawson1970
016;86.24;90.68;COM;016.jpg;Ruins of the Reichstag in Berlin, 3 June 1945. BU8573.jpg;https://commons.wikimedia.org/wiki/File%3ARuins_of_the_Reichstag_in_Berlin%2C_3_June_1945._BU8573.jpg;Public domain;No 5 Army Film & Photographic Unit, Hewitt
017;90.68;96.14;COM;017.jpg;Graffiti inside the ruins of the German Reichstag building.jpg;https://commons.wikimedia.org/wiki/File%3AGraffiti_inside_the_ruins_of_the_German_Reichstag_building.jpg;Public domain;Hewitt
018;96.14;104.04;COM;018.jpg;Winston Churchill As Prime Minister 1940-1945 BU8949.jpg;https://commons.wikimedia.org/wiki/File%3AWinston_Churchill_As_Prime_Minister_1940-1945_BU8949.jpg;Public domain;Lockeyear W T
019;104.04;108.82;CLIP;019.mp4;Universal Newsreel: 1945-11-29 Nuremberg War Crimes Trials Open (desde 40 s);https://archive.org/details/universal_newsreels;Dominio público;
020;108.82;112.46;COM;020.jpg;Camp for German prisoners of war. Unidentified location in Germany - NARA - 292564.jpg;https://commons.wikimedia.org/wiki/File%3ACamp_for_German_prisoners_of_war._Unidentified_location_in_Germany_-_NARA_-_292564.jpg;PDM, Public domain;Unknown author
021;112.46;116.36;COM;021.jpg;Léon Degrelle portrait.jpg;https://commons.wikimedia.org/wiki/File%3AL%C3%A9on_Degrelle_portrait.jpg;Public domain;Alber
022;116.36;122.68;BA;022.jpg;Bundesarchiv Bild 183-J16133, Lettland, Appell der SS-Legion.jpg;https://commons.wikimedia.org/wiki/File%3ABundesarchiv_Bild_183-J16133%2C_Lettland%2C_Appell_der_SS-Legion.jpg;CC BY-SA 3.0 de;Bundesarchiv, Bild 183-J16133 / CC-BY-SA 3.0
023;122.68;128.68;COM;023.jpg;Wesel-Mahnmal für die Vermissten und Gefangenen.jpg;https://commons.wikimedia.org/wiki/File%3AWesel-Mahnmal_f%C3%BCr_die_Vermissten_und_Gefangenen.jpg;CC BY-SA 4.0;Dat doris
024;128.68;134.88;GRAF;024.png;gráfico propio (mapas: Natural Earth, dominio público);;propio;
025;134.88;139.12;GRAF;025.png;gráfico propio (mapas: Natural Earth, dominio público);;propio;
026;139.12;142.68;COM;026.jpg;Reichstag during postwar (34219373493).jpg;https://commons.wikimedia.org/wiki/File%3AReichstag_during_postwar_%2834219373493%29.jpg;CC BY 2.0;Cassowary Colorizations
027;142.68;150.68;BA;027.jpg;Bundesarchiv Bild 183-S38324, Tag von Potsdam, Adolf Hitler, Paul v. Hindenburg.jpg;https://commons.wikimedia.org/wiki/File%3ABundesarchiv_Bild_183-S38324%2C_Tag_von_Potsdam%2C_Adolf_Hitler%2C_Paul_v._Hindenburg.jpg;CC BY-SA 3.0 de;Bundesarchiv, Bild 183-S38324 / CC-BY-SA 3.0
028;150.68;156.72;BA;028.jpg;Bundesarchiv Bild 102-16093, Tag von Potsdam, Rede Hitler in Garnisonkirche.jpg;https://commons.wikimedia.org/wiki/File%3ABundesarchiv_Bild_102-16093%2C_Tag_von_Potsdam%2C_Rede_Hitler_in_Garnisonkirche.jpg;CC BY-SA 3.0 de;Bundesarchiv, Bild 102-16093 / Georg Pahl / CC-BY-SA 3.0
029;156.72;160.04;COM;029.jpg;Adolf Hitler Berghof-1936.jpg;https://commons.wikimedia.org/wiki/File%3AAdolf_Hitler_Berghof-1936.jpg;CC BY-SA 3.0 de;Bundesarchiv, Bild 146-1990-048-29A / CC-BY-SA 3.0
030;160.04;167.62;BA;030.jpg;Bundesarchiv Bild 102-17312, Berlin-Lichterfelde, Hitler bei Leibstandarte.jpg;https://commons.wikimedia.org/wiki/File%3ABundesarchiv_Bild_102-17312%2C_Berlin-Lichterfelde%2C_Hitler_bei_Leibstandarte.jpg;CC BY-SA 3.0 de;Bundesarchiv, Bild 102-17312 / CC-BY-SA 3.0
031;167.62;176.00;BA;031.jpg;Bundesarchiv Bild 102-17311, Berlin-Lichterfelde, Hitler bei Leibstandarte.jpg;https://commons.wikimedia.org/wiki/File%3ABundesarchiv_Bild_102-17311%2C_Berlin-Lichterfelde%2C_Hitler_bei_Leibstandarte.jpg;CC BY-SA 3.0 de;Bundesarchiv, Bild 102-17311 / CC-BY-SA 3.0
032;176.00;181.40;BA;032.jpg;Bundesarchiv Bild 183-R99087, Heinrich Himmler in Salzburg.jpg;https://commons.wikimedia.org/wiki/File%3ABundesarchiv_Bild_183-R99087%2C_Heinrich_Himmler_in_Salzburg.jpg;CC BY-SA 3.0 de;Bundesarchiv, Bild 183-R99087 / CC-BY-SA 3.0
033;181.40;187.48;BA;033.jpg;Bundesarchiv Bild 152-01-14, Dachau, Konzentrationslager 1933.jpg;https://commons.wikimedia.org/wiki/File%3ABundesarchiv_Bild_152-01-14%2C_Dachau%2C_Konzentrationslager_1933.jpg;CC BY-SA 3.0 de;Bundesarchiv, Bild 152-01-14 / CC-BY-SA 3.0
034;187.48;193.08;BA;034.jpg;Bundesarchiv Bild 152-01-16, KZ Dachau, SS-Wachmannschaft.jpg;https://commons.wikimedia.org/wiki/File%3ABundesarchiv_Bild_152-01-16%2C_KZ_Dachau%2C_SS-Wachmannschaft.jpg;CC BY-SA 3.0 de;Bundesarchiv, Bild 152-01-16 / Friedrich Franz Bauer / CC-BY-SA 3.0
035;193.08;198.66;BA;035.jpg;Bundesarchiv Bild 183-R96361, Dachau, Konzentrationslager.jpg;https://commons.wikimedia.org/wiki/File%3ABundesarchiv_Bild_183-R96361%2C_Dachau%2C_Konzentrationslager.jpg;CC BY-SA 3.0 de;Bundesarchiv, Bild 183-R96361 / CC-BY-SA
036;198.66;207.88;BA;036.jpg;Bundesarchiv Bild 101III-Petersheim-046-03, Frankreich, Waffen-SS-Kavallerie-Division.jpg;https://commons.wikimedia.org/wiki/File%3ABundesarchiv_Bild_101III-Petersheim-046-03%2C_Frankreich%2C_Waffen-SS-Kavallerie-Division.jpg;CC BY-SA 3.0 de;Bundesarchiv, Bild 101III-Petersheim-046-03 / Peterseim / CC-BY-SA 3.0
037;207.88;214.34;GRAF;037.png;gráfico propio (mapas: Natural Earth, dominio público);;propio;
038;214.34;219.50;GRAF;038.png;gráfico propio (mapas: Natural Earth, dominio público);;propio;
039;219.50;224.56;COM;039.jpg;Waffen SS recruitment poster.jpg;https://commons.wikimedia.org/wiki/File%3AWaffen_SS_recruitment_poster.jpg;CC0;United States Holocaust memorial museum
040;224.56;232.84;COM;040.jpg;Propaganda Poster SS-Freiwilligen-Grenadier-Division Langemarck met opschrift De asche van Claes klopt op mijne borst ... Uilenspiegel roept ook U naar de Waffen SS.jpg;https://commons.wikimedia.org/wiki/File%3APropaganda_Poster_SS-Freiwilligen-Grenadier-Division_Langemarck_met_opschrift_De_asche_van_Claes_klopt_op_mijne_borst_..._Uilenspiegel_roept_ook_U_naar_de_Waffen_SS.jpg;Public domain;SS-Freiwilligen-Grenadier-Division Langemarck
041;232.84;243.68;COM;041.jpg;Birger Cranner (1902-45) Vi seirer! Bli med Den Norske Legions Skiløperbataljon 1941 WW2 Norway propaganda recruiting poster (SS-Freiwilligen-Schikompanie Norwegen Skijegerbataljonen) No known copyright restrictions.png;https://commons.wikimedia.org/wiki/File%3ABirger_Cranner_%281902-45%29_Vi_seirer%21_Bli_med_Den_Norske_Legions_Skil%C3%B8perbataljon_1941_WW2_Norway_propaganda_recruiting_poster_%28SS-Freiwilligen-Schikompanie_Norwegen_Skijegerbataljonen%29_No_known_copyright_restrictions.png;CC BY-SA 4.0;Birger Cranner, Norwegian illustrator 1902 – 1945
042;243.68;251.02;GRAF;042.png;gráfico propio (mapas: Natural Earth, dominio público);;propio;
043;251.02;258.72;COM;043.jpg;Deutsche Maenner SS aus dem Elsass und aus Lothringen können ihren Einsatz für das Grossdeutsche Reich beweisen... - btv1b101121992.jpg;https://commons.wikimedia.org/wiki/File%3ADeutsche_Maenner_SS_aus_dem_Elsass_und_aus_Lothringen_k%C3%B6nnen_ihren_Einsatz_f%C3%BCr_das_Grossdeutsche_Reich_beweisen..._-_btv1b101121992.jpg;Public domain;N.S.D.A.P. Fonction indéterminée
044;258.72;262.96;COM;044.jpg;"Propaganda poster of Nasjonal Samling NS, Norw. fascist party. ""Ungdom! Framtiden er din!"" (no date) Unknown designer illustrator, Herolden agency. Exhibition at Justismuseet, Norway 2019-03-07 DSC06952 cropped.jpg";https://commons.wikimedia.org/wiki/File%3APropaganda_poster_of_Nasjonal_Samling_NS%2C_Norw._fascist_party._%22Ungdom%21_Framtiden_er_din%21%22_%28no_date%29_Unknown_designer_illustrator%2C_Herolden_agency._Exhibition_at_Justismuseet%2C_Norway_2019-03-07_DSC06952_cropped.jpg;CC BY-SA 4.0;Wolfmann
045;262.96;270.18;COM;045.jpg;Vi Seirer! Bli med Den Norske Legions Skiløperbataljon DNL Propaganda Plakat Vervekampanje (the Norwegian Legion´s Ski Ranger Battalion recruitment poster Skiing soldiers dog) Birger Cranner 1941 Hjemmefrontmuseet Rakkestad local WW2.jpg;https://commons.wikimedia.org/wiki/File%3AVi_Seirer%21_Bli_med_Den_Norske_Legions_Skil%C3%B8perbataljon_DNL_Propaganda_Plakat_Vervekampanje_%28the_Norwegian_Legion%C2%B4s_Ski_Ranger_Battalion_recruitment_poster_Skiing_soldiers_dog%29_Birger_Cranner_1941_Hjemmefrontmuseet_Rakkestad_local_WW2.jpg;CC BY-SA 4.0;Wolfmann Birger Cranner, Norwegian illustrator 1902 – 1945
046;270.18;275.94;BA;046.jpg;Bundesarchiv Bild 146-1989-113-19, Bei Caen, Angehörige der Waffen-SS neben Panzer.jpg;https://commons.wikimedia.org/wiki/File%3ABundesarchiv_Bild_146-1989-113-19%2C_Bei_Caen%2C_Angeh%C3%B6rige_der_Waffen-SS_neben_Panzer.jpg;CC BY-SA 3.0 de;Bundesarchiv, Bild 146-1989-113-19 / Woscidlo, Wilfried / CC-BY-SA 3.0
047;275.94;279.02;BA;047.jpg;Bundesarchiv Bild 101III-Weyer-036-28A, Angehörige der Waffen-SS mit MP.jpg;https://commons.wikimedia.org/wiki/File%3ABundesarchiv_Bild_101III-Weyer-036-28A%2C_Angeh%C3%B6rige_der_Waffen-SS_mit_MP.jpg;CC BY-SA 3.0 de;Bundesarchiv, Bild 101III-Weyer-036-28A / Weyer / CC-BY-SA 3.0
048;279.02;284.60;COM;048.jpg;Le Paradis memorial, Norwich Cathedral.jpg;https://commons.wikimedia.org/wiki/File%3ALe_Paradis_memorial%2C_Norwich_Cathedral.jpg;CC BY-SA 4.0;Rickfive
049;284.60;288.32;COM;049.jpg;Memorial to a survivor of the Le Paradis Massacre - geograph.org.uk - 6296942.jpg;https://commons.wikimedia.org/wiki/File%3AMemorial_to_a_survivor_of_the_Le_Paradis_Massacre_-_geograph.org.uk_-_6296942.jpg;CC BY-SA 2.0;Memorial to a survivor of the Le Paradis Massacre by Adrian S Pye
050;288.32;294.12;COM;050.jpg;LabLazhadegLaPlaineauBoisLuc'skKlaodanDuigou.jpg;https://commons.wikimedia.org/wiki/File%3ALabLazhadegLaPlaineauBoisLuc%27skKlaodanDuigou.jpg;CC BY-SA 3.0;Klaod an Duigou-Kadbzh
051;294.12;301.36;COM;051.jpg;PlakennLazhadegLaPlaineauBoisEkelsbekeMae1940ouzhanilizkatolikLuc'hskeudennKlaodanDuigou.jpg;https://commons.wikimedia.org/wiki/File%3APlakennLazhadegLaPlaineauBoisEkelsbekeMae1940ouzhanilizkatolikLuc%27hskeudennKlaodanDuigou.jpg;CC BY-SA 3.0;Kadbzh
052;301.36;307.78;COM;052.jpg;Polish Soldier's Grave Warsaw 1945.jpg;https://commons.wikimedia.org/wiki/File%3APolish_Soldier%27s_Grave_Warsaw_1945.jpg;Public domain;Tadeusz Bukowski
053;307.78;312.66;COM;053.jpg;74. rocznica zakończenia II wojny światowej w Europie.jpg;https://commons.wikimedia.org/wiki/File%3A74._rocznica_zako%C5%84czenia_II_wojny_%C5%9Bwiatowej_w_Europie.jpg;CC BY 2.0;Kancelaria Sejmu / Marta Marchlewska
054;312.66;320.88;COM;054.jpg;Oradour-sur-Glane-Entrance-1361.jpg;https://commons.wikimedia.org/wiki/File%3AOradour-sur-Glane-Entrance-1361.jpg;Public domain;User:Dna-Dennis
055;320.88;328.50;COM;055.jpg;Cimetière de voitures, Oradour-sur-Glane.jpg;https://commons.wikimedia.org/wiki/File%3ACimeti%C3%A8re_de_voitures%2C_Oradour-sur-Glane.jpg;CC BY-SA 4.0;Mathis Loiseau
056;328.50;331.52;COM;056.jpg;Cimetière voitures, Oradour-sur-Glane.jpg;https://commons.wikimedia.org/wiki/File%3ACimeti%C3%A8re_voitures%2C_Oradour-sur-Glane.jpg;CC BY-SA 4.0;Mathis Loiseau
057;331.52;337.66;BA;057.jpg;Bundesarchiv Bild 183-J28477, Ardennenoffensive, Lagebesprechnung.jpg;https://commons.wikimedia.org/wiki/File%3ABundesarchiv_Bild_183-J28477%2C_Ardennenoffensive%2C_Lagebesprechnung.jpg;CC BY-SA 3.0 de;Bundesarchiv, Bild 183-J28477 / Göttert / CC-BY-SA 3.0
058;337.66;342.78;BA;058.jpg;Bundesarchiv Bild 183-1985-0104-501, Ardennenoffensive, Grenadiere in Luxemburg.jpg;https://commons.wikimedia.org/wiki/File%3ABundesarchiv_Bild_183-1985-0104-501%2C_Ardennenoffensive%2C_Grenadiere_in_Luxemburg.jpg;CC BY-SA 3.0 de;Bundesarchiv, Bild 183-1985-0104-501 / Lange / CC-BY-SA 3.0
059;342.78;348.27;BA;059.jpg;Bundesarchiv Bild 183-J28619, Ardennenoffensive, gefangene Amerikaner.jpg;https://commons.wikimedia.org/wiki/File%3ABundesarchiv_Bild_183-J28619%2C_Ardennenoffensive%2C_gefangene_Amerikaner.jpg;CC BY-SA 3.0 de;Bundesarchiv, Bild 183-J28619 / Büschel / CC-BY-SA 3.0
060;348.27;352.66;BA;060.jpg;Bundesarchiv Bild 183-J28493, Ardennenoffensive, überrannte amerikanische Stellung.jpg;https://commons.wikimedia.org/wiki/File%3ABundesarchiv_Bild_183-J28493%2C_Ardennenoffensive%2C_%C3%BCberrannte_amerikanische_Stellung.jpg;CC BY-SA 3.0 de;Bundesarchiv, Bild 183-J28493 / Scheck / CC-BY-SA 3.0
061;352.66;356.52;COM;061.jpg;"""Body of American soldier is borne on stretcher from terrain in vicinity of Malmedy, Belgium, where on or about 17 Decem - NARA - 532956.jpg";https://commons.wikimedia.org/wiki/File%3A%22Body_of_American_soldier_is_borne_on_stretcher_from_terrain_in_vicinity_of_Malmedy%2C_Belgium%2C_where_on_or_about_17_Decem_-_NARA_-_532956.jpg;PDM, Public domain;Unknown author
062;356.52;365.02;COM;062.jpg;Baugnez2007.jpg;https://commons.wikimedia.org/wiki/File%3ABaugnez2007.jpg;Public domain;Michel dieleman at English Wikipedia
063;365.02;369.42;COM;063.jpg;Baugnezinristeys.png;https://commons.wikimedia.org/wiki/File%3ABaugnezinristeys.png;CC BY 3.0, GFDL;Ukas
064;369.42;378.20;COM;064.jpg;Malmedy LCCN2004661783.jpg;https://commons.wikimedia.org/wiki/File%3AMalmedy_LCCN2004661783.jpg;Public domain;Howard Brodie
065;378.20;383.72;BA;065.jpg;Bundesarchiv Bild 146-1972-109-18A, Berlin, Bendlerstraße, Waffen-SS-Männer.jpg;https://commons.wikimedia.org/wiki/File%3ABundesarchiv_Bild_146-1972-109-18A%2C_Berlin%2C_Bendlerstra%C3%9Fe%2C_Waffen-SS-M%C3%A4nner.jpg;CC BY-SA 3.0 de;Bundesarchiv, Bild 146-1972-109-18A / CC-BY-SA 3.0
066;383.72;387.64;BA;066.jpg;"Bundesarchiv Bild 101III-Altstadt-065-05, Russland, Waffen-SS-Div. ""Wiking"", Auszeichnung.jpg";https://commons.wikimedia.org/wiki/File%3ABundesarchiv_Bild_101III-Altstadt-065-05%2C_Russland%2C_Waffen-SS-Div._%22Wiking%22%2C_Auszeichnung.jpg;CC BY-SA 3.0 de;Bundesarchiv, Bild 101III-Altstadt-065-05 / Altstadt / CC-BY-SA 3.0
067;387.64;392.16;BA;067.jpg;"Bundesarchiv Bild 146-1974-149-23, Waffen-SS, 13. Gebirgs-Div. ""Handschar"".jpg";https://commons.wikimedia.org/wiki/File%3ABundesarchiv_Bild_146-1974-149-23%2C_Waffen-SS%2C_13._Gebirgs-Div._%22Handschar%22.jpg;CC BY-SA 3.0 de;Bundesarchiv, Bild 146-1974-149-23 / Seidel / CC-BY-SA 3.0
068;392.16;396.94;BA;068.jpg;Bundesarchiv Bild 101I-024-3535-30, Ostfront, Waffen-SS-Angehörige bei Rast.jpg;https://commons.wikimedia.org/wiki/File%3ABundesarchiv_Bild_101I-024-3535-30%2C_Ostfront%2C_Waffen-SS-Angeh%C3%B6rige_bei_Rast.jpg;CC BY-SA 3.0 de;Bundesarchiv, Bild 101I-024-3535-30 / Vorpahl / CC-BY-SA 3.0
069;396.94;404.60;BA;069.jpg;Bundesarchiv Bild 101III-Lerche-46-02, Frankreich, Ordensverleihung an Waffen-SS.jpg;https://commons.wikimedia.org/wiki/File%3ABundesarchiv_Bild_101III-Lerche-46-02%2C_Frankreich%2C_Ordensverleihung_an_Waffen-SS.jpg;CC BY-SA 3.0 de;Bundesarchiv, Bild 101III-Lerche-46-02 / Lerche, Karl-Gustav /…
070;404.60;413.84;COM;070.jpg;Field Marshal Keitel signs German surrender terms in Berlin 8 May 1945 - Restoration.jpg;https://commons.wikimedia.org/wiki/File%3AField_Marshal_Keitel_signs_German_surrender_terms_in_Berlin_8_May_1945_-_Restoration.jpg;Public domain;Lt. Moore
071;413.84;420.80;COM;071.jpg;German Wehrmacht soldiers surrender in Böhmen 1945 - colorized.jpg;https://commons.wikimedia.org/wiki/File%3AGerman_Wehrmacht_soldiers_surrender_in_B%C3%B6hmen_1945_-_colorized.jpg;CC BY-SA 4.0;Johannes Dorn
072;420.80;427.48;CLIP;072.mp4;Universal Newsreel: 1944-12-20 Allies Fight Fierce Nazi Counter-Blow (desde 186 s);https://archive.org/details/universal_newsreels;Dominio público;
073;427.48;434.50;COM;073.jpg;Surrender of the Dachau concentration camp to American forces of the Army’s 42nd Infantry Division on April 29, 1945 in Dachau, Germany.jpg;https://commons.wikimedia.org/wiki/File%3ASurrender_of_the_Dachau_concentration_camp_to_American_forces_of_the_Army%E2%80%99s_42nd_Infantry_Division_on_April_29%2C_1945_in_Dachau%2C_Germany.jpg;CC BY 2.0;The National Guard
074;434.50;437.94;CLIP;074.mp4;Universal Newsreel: 1945-05-14 Beaten Nazis Sign Historic Surrender (desde 4 s);https://archive.org/details/universal_newsreels;Dominio público;
075;437.94;445.08;COM;075.jpg;SC 329851 - Tanks moving into Ivera to surrender to the 34th Div. (U.S.). They are part of the German 75th Corps. 5 May, 1945. (52593678507).jpg;https://commons.wikimedia.org/wiki/File%3ASC_329851_-_Tanks_moving_into_Ivera_to_surrender_to_the_34th_Div._%28U.S.%29._They_are_part_of_the_German_75th_Corps._5_May%2C_1945._%2852593678507%29.jpg;Public domain;Signal Corps Archive from United States
076;445.08;448.26;CLIP;076.mp4;Universal Newsreel: 1945-05-14 Beaten Nazis Sign Historic Surrender (desde 48 s);https://archive.org/details/universal_newsreels;Dominio público;
077;448.26;455.12;CLIP;077.mp4;Universal Newsreel: 1944-12-20 Allies Fight Fierce Nazi Counter-Blow (desde 196 s);https://archive.org/details/universal_newsreels;Dominio público;
078;455.12;459.92;COM;078.jpg;German Prisoners of War in Britain- Everyday Life at a German POW Camp, UK, 1945 D26737.jpg;https://commons.wikimedia.org/wiki/File%3AGerman_Prisoners_of_War_in_Britain-_Everyday_Life_at_a_German_POW_Camp%2C_UK%2C_1945_D26737.jpg;Public domain;Ministry of Information Photo Division Photographer
079;459.92;467.56;COM;079.jpg;German Prisoners of War in Britain- Everyday Life at a German POW Camp, UK, 1945 D26730.jpg;https://commons.wikimedia.org/wiki/File%3AGerman_Prisoners_of_War_in_Britain-_Everyday_Life_at_a_German_POW_Camp%2C_UK%2C_1945_D26730.jpg;Public domain;Ministry of Information Photo Division Photographer
080;467.56;471.48;COM;080.jpg;German Prisoners of War in Britain- Everyday Life at a German POW Camp, UK, 1945 D26735.jpg;https://commons.wikimedia.org/wiki/File%3AGerman_Prisoners_of_War_in_Britain-_Everyday_Life_at_a_German_POW_Camp%2C_UK%2C_1945_D26735.jpg;Public domain;Ministry of Information Photo Division Photographer
081;471.48;477.66;COM;081.jpg;German Prisoners of War in Britain- Everyday Life at a German POW Camp, UK, 1945 D26723.jpg;https://commons.wikimedia.org/wiki/File%3AGerman_Prisoners_of_War_in_Britain-_Everyday_Life_at_a_German_POW_Camp%2C_UK%2C_1945_D26723.jpg;Public domain;Ministry of Information Photo Division Photographer
082;477.66;482.20;COM;082.jpg;German Prisoners of War in Britain- Everyday Life at a German POW Camp, UK, 1945 D26734.jpg;https://commons.wikimedia.org/wiki/File%3AGerman_Prisoners_of_War_in_Britain-_Everyday_Life_at_a_German_POW_Camp%2C_UK%2C_1945_D26734.jpg;Public domain;Ministry of Information Photo Division Photographer
083;482.20;485.92;COM;083.jpg;German Prisoners of War in Britain- Everyday Life at a German POW Camp, UK, 1945 D26721.jpg;https://commons.wikimedia.org/wiki/File%3AGerman_Prisoners_of_War_in_Britain-_Everyday_Life_at_a_German_POW_Camp%2C_UK%2C_1945_D26721.jpg;Public domain;Ministry of Information Photo Division Photographer
084;485.92;488.84;COM;084.jpg;A) Officiers de la LVF puis de la Division Charlemagne 01.jpg;https://commons.wikimedia.org/wiki/File%3AA%29_Officiers_de_la_LVF_puis_de_la_Division_Charlemagne_01.jpg;CC BY-SA 4.0;Unknown author
085;488.84;494.25;COM;085.jpg;Photographie de propagande défilé du 2ème anniversaire de la Légion des volontaires français contre le bolchévisme aux, PH25785.jpg;https://commons.wikimedia.org/wiki/File%3APhotographie_de_propagande_d%C3%A9fil%C3%A9_du_2%C3%A8me_anniversaire_de_la_L%C3%A9gion_des_volontaires_fran%C3%A7ais_contre_le_bolch%C3%A9visme_aux%2C_PH25785.jpg;CC0;Anonyme, photographe
086;494.25;503.14;COM;086.jpg;Bad reichenhall 2.jpg;https://commons.wikimedia.org/wiki/File%3ABad_reichenhall_2.jpg;CC BY-SA 4.0;F3
087;503.14;509.06;COM;087.jpg;Member of SS Charlemagne, Panorama Nr. 4, Deutsche Wochenschau.jpg;https://commons.wikimedia.org/wiki/File%3AMember_of_SS_Charlemagne%2C_Panorama_Nr._4%2C_Deutsche_Wochenschau.jpg;Public domain;Deutsche Wochenschau GmbH
088;509.06;513.68;BA;088.jpg;Bundesarchiv Bild 101III-Apfel-017-30, Frankreich, Paris, deutsche Besatzung.jpg;https://commons.wikimedia.org/wiki/File%3ABundesarchiv_Bild_101III-Apfel-017-30%2C_Frankreich%2C_Paris%2C_deutsche_Besatzung.jpg;CC BY-SA 3.0 de;Bundesarchiv, Bild 101III-Apfel-017-30 / Apfel / CC-BY-SA 3.0
089;513.68;517.50;COM;089.jpg;Richard Baer, Josef Mengele, Rudolf Hoess, Auschwitz. Album Höcker.jpg;https://commons.wikimedia.org/wiki/File%3ARichard_Baer%2C_Josef_Mengele%2C_Rudolf_Hoess%2C_Auschwitz._Album_H%C3%B6cker.jpg;Public domain;Bernhard Walther or Ernst Hofmann or Karl-Friedrich Höcker
090;517.50;527.16;COM;090.jpg;Josef Mengele, sem data.tif;https://commons.wikimedia.org/wiki/File%3AJosef_Mengele%2C_sem_data.tif;Public domain;Unknown Unknown
091;527.16;536.34;COM;091.jpg;Museu da Polícia Civil. (47444068121) (cropped).jpg;https://commons.wikimedia.org/wiki/File%3AMuseu_da_Pol%C3%ADcia_Civil._%2847444068121%29_%28cropped%29.jpg;CC BY 2.0;Governo do Estado de São Paulo
092;536.34;543.04;COM;092.jpg;Museu da Polícia Civil. (47444068121).jpg;https://commons.wikimedia.org/wiki/File%3AMuseu_da_Pol%C3%ADcia_Civil._%2847444068121%29.jpg;CC BY 2.0;Governo do Estado de São Paulo
093;543.04;547.66;COM;093.jpg;Richard Baer, Josef Mengele, Rudolf Hoess, Auschwitz. Album Höcker (cropped).jpg;https://commons.wikimedia.org/wiki/File%3ARichard_Baer%2C_Josef_Mengele%2C_Rudolf_Hoess%2C_Auschwitz._Album_H%C3%B6cker_%28cropped%29.jpg;Public domain;Bernhard Walther or Ernst Hofmann or Karl-Friedrich Höcker
094;547.66;552.96;COM;094.jpg;Documents on shelves in the archive store (History Centre) at the Herbert.jpg;https://commons.wikimedia.org/wiki/File%3ADocuments_on_shelves_in_the_archive_store_%28History_Centre%29_at_the_Herbert.jpg;CC BY-SA 3.0;mooncow
095;552.96;560.38;COM;095.jpg;Burned records on shelves in a stack area of Building 100 at the National Personnel Records Center, St. Louis, Missouri on July 13, 1973.jpg;https://commons.wikimedia.org/wiki/File%3ABurned_records_on_shelves_in_a_stack_area_of_Building_100_at_the_National_Personnel_Records_Center%2C_St._Louis%2C_Missouri_on_July_13%2C_1973.jpg;PDM, Public domain;archivesnews
096;560.38;563.66;COM;096.jpg;Burned records sliding off shelves onto the floor in a stack area after the fire in Building 100 at the National Personnel Records Center, St. Louis, Missouri on July 13, 1973.jpg;https://commons.wikimedia.org/wiki/File%3ABurned_records_sliding_off_shelves_onto_the_floor_in_a_stack_area_after_the_fire_in_Building_100_at_the_National_Personnel_Records_Center%2C_St._Louis%2C_Missouri_on_July_13%2C_1973.jpg;PDM, Public domain;archivesnews
097;563.66;568.72;COM;097.jpg;Nuremberg 11356 photo Ray D Addario.JPG;https://commons.wikimedia.org/wiki/File%3ANuremberg_11356_photo_Ray_D_Addario.JPG;Public domain;Raymond D'Addario
098;568.72;572.90;CLIP;098.mp4;Universal Newsreel: 1945-11-29 Nuremberg War Crimes Trials Open (desde 8 s);https://archive.org/details/universal_newsreels;Dominio público;
099;572.90;580.34;CLIP;099.mp4;Universal Newsreel: 1946-10-08 21 Nazi Chiefs Guilty (desde 92 s);https://archive.org/details/universal_newsreels;Dominio público;
100;580.34;586.10;CLIP;100.mp4;Universal Newsreel: 1945-11-29 Nuremberg War Crimes Trials Open (desde 16 s);https://archive.org/details/universal_newsreels;Dominio público;
101;586.10;590.50;COM;101.jpg;German War Crimes Trials. Nuernberg & Dachau - NARA - 292601.jpg;https://commons.wikimedia.org/wiki/File%3AGerman_War_Crimes_Trials._Nuernberg_%26_Dachau_-_NARA_-_292601.jpg;PDM, Public domain;United States Army Signal Corps, photographer
102;590.50;597.62;CLIP;102.mp4;Universal Newsreel: 1946-10-08 21 Nazi Chiefs Guilty (desde 112 s);https://archive.org/details/universal_newsreels;Dominio público;
103;597.62;605.50;COM;103.jpg;Defendants Nuremberg-War-Crimes-Tribunal 1945-11-27.jpg;https://commons.wikimedia.org/wiki/File%3ADefendants_Nuremberg-War-Crimes-Tribunal_1945-11-27.jpg;Public domain;Military photographer
104;605.50;608.16;COM;104.jpg;Panel of justices and attorneys Nuremberg Trials 1945.jpeg;https://commons.wikimedia.org/wiki/File%3APanel_of_justices_and_attorneys_Nuremberg_Trials_1945.jpeg;PDM, Public domain;United States Army Signal Corps photographer
105;608.16;616.30;CLIP;105.mp4;Universal Newsreel: 1946-10-08 21 Nazi Chiefs Guilty (desde 164 s);https://archive.org/details/universal_newsreels;Dominio público;
106;616.30;619.54;GRAF;106.png;gráfico propio (mapas: Natural Earth, dominio público);;propio;
107;619.54;623.74;CLIP;107.mp4;Universal Newsreel: 1946-10-08 21 Nazi Chiefs Guilty (desde 176 s);https://archive.org/details/universal_newsreels;Dominio público;
108;623.74;625.38;COM;108.jpg;Panel of justices and attorneys Nuremberg Trials 1945 (cropped).jpeg;https://commons.wikimedia.org/wiki/File%3APanel_of_justices_and_attorneys_Nuremberg_Trials_1945_%28cropped%29.jpeg;PDM, Public domain;United States Army Signal Corps photographer
109;625.38;630.48;GRAF;109.png;gráfico propio (mapas: Natural Earth, dominio público);;propio;
110;630.48;633.48;BA;110.jpg;Bundesarchiv Bild 183-H27798, Nürnberger Prozess, Verhandlungssaal.jpg;https://commons.wikimedia.org/wiki/File%3ABundesarchiv_Bild_183-H27798%2C_N%C3%BCrnberger_Prozess%2C_Verhandlungssaal.jpg;CC BY-SA 3.0 de;Bundesarchiv, Bild 183-H27798 / Unknown Unknown
111;633.48;639.16;CLIP;111.mp4;Universal Newsreel: 1946-10-08 21 Nazi Chiefs Guilty (desde 68 s);https://archive.org/details/universal_newsreels;Dominio público;
112;639.16;648.18;COM;112.jpg;Defendants in the dock at nuremberg trials.jpg;https://commons.wikimedia.org/wiki/File%3ADefendants_in_the_dock_at_nuremberg_trials.jpg;Public domain;Raymond D’Addario
113;648.18;655.34;CLIP;113.mp4;Universal Newsreel: 1945-10-22 Nazi War Criminal Sentenced (desde 4 s);https://archive.org/details/universal_newsreels;Dominio público;
114;655.34;664.44;CLIP;114.mp4;Universal Newsreel: 1945-10-22 Nazi War Criminal Sentenced (desde 56 s);https://archive.org/details/universal_newsreels;Dominio público;
115;664.44;668.38;COM;115.jpg;Tribunal militaire de Dachau.jpg;https://commons.wikimedia.org/wiki/File%3ATribunal_militaire_de_Dachau.jpg;PDM, Public domain;Source Record ID: 111-SC-249310
116;668.38;676.02;CLIP;116.mp4;Universal Newsreel: 1945-10-22 Nazi War Criminal Sentenced (desde 12 s);https://archive.org/details/universal_newsreels;Dominio público;
117;676.02;680.01;CLIP;117.mp4;Universal Newsreel: 1945-10-22 Nazi War Criminal Sentenced (desde 72 s);https://archive.org/details/universal_newsreels;Dominio público;
118;680.01;687.46;CLIP;118.mp4;Universal Newsreel: 1945-10-22 Nazi War Criminal Sentenced (desde 44 s);https://archive.org/details/universal_newsreels;Dominio público;
119;687.46;690.02;COM;119.jpg;Joachim Peiper, while standing before American judges.jpg;https://commons.wikimedia.org/wiki/File%3AJoachim_Peiper%2C_while_standing_before_American_judges.jpg;Public domain;U.S. Army Signal Corps
120;690.02;697.28;COM;120.jpg;Malmedy 1 court.jpg;https://commons.wikimedia.org/wiki/File%3AMalmedy_1_court.jpg;Public domain;US Army Signal Corps
121;697.28;704.60;CLIP;121.mp4;Universal Newsreel: 1945-10-22 Nazi War Criminal Sentenced (desde 24 s);https://archive.org/details/universal_newsreels;Dominio público;
122;704.60;708.16;COM;122.jpg;Joachim Peiper's mugshot.jpg;https://commons.wikimedia.org/wiki/File%3AJoachim_Peiper%27s_mugshot.jpg;Public domain;U.S. Army Signal Corps
123;708.16;714.82;COM;123.jpg;Joachim Peiper's mugshot (cropped).jpg;https://commons.wikimedia.org/wiki/File%3AJoachim_Peiper%27s_mugshot_%28cropped%29.jpg;Public domain;U.S. Army Signal Corps
124;714.82;716.58;BA;124.jpg;Bundesarchiv Bild 183-R65485, Joachim Peiper.jpg;https://commons.wikimedia.org/wiki/File%3ABundesarchiv_Bild_183-R65485%2C_Joachim_Peiper.jpg;CC BY-SA 3.0 de;Bundesarchiv, Bild 183-R65485 / CC-BY-SA 3.0
125;716.58;725.70;BA;125.jpg;Bundesarchiv Bild 101III-Bueschel-010-11A, Himmler bei der SS-Kavallerie-Division.jpg;https://commons.wikimedia.org/wiki/File%3ABundesarchiv_Bild_101III-Bueschel-010-11A%2C_Himmler_bei_der_SS-Kavallerie-Division.jpg;CC BY-SA 3.0 de;Bundesarchiv, Bild 101III-Bueschel-010-11A / Büschel / CC-BY-SA 3.0
126;725.70;730.84;BA;126.jpg;Bundesarchiv Bild 101III-Mayr-034-11A, Griechenland, Himmler mit Offizieren der Waffen-SS (cropped).jpg;https://commons.wikimedia.org/wiki/File%3ABundesarchiv_Bild_101III-Mayr-034-11A%2C_Griechenland%2C_Himmler_mit_Offizieren_der_Waffen-SS_%28cropped%29.jpg;CC BY-SA 3.0 de;Bundesarchiv, Bild 101III-Mayr-034-11A / Mayr / CC-BY-SA 3.0
127;730.84;737.76;BA;127.jpg;Bundesarchiv Bild 101III-Weill-054 -31A, Heinrich Himmler in Frankreich.jpg;https://commons.wikimedia.org/wiki/File%3ABundesarchiv_Bild_101III-Weill-054_-31A%2C_Heinrich_Himmler_in_Frankreich.jpg;CC BY-SA 3.0 de;Bundesarchiv, Bild 101III-Weill-054 -31A / Weill / CC-BY-SA 3.0
128;737.76;745.62;BA;128.jpg;Bundesarchiv Bild 101III-Weill-056-03, Metz, Heinrich Himmler.jpg;https://commons.wikimedia.org/wiki/File%3ABundesarchiv_Bild_101III-Weill-056-03%2C_Metz%2C_Heinrich_Himmler.jpg;CC BY-SA 3.0 de;Bundesarchiv, Bild 101III-Weill-056-03 / Weill / CC-BY-SA 3.0
129;745.62;749.16;BA;129.jpg;Bundesarchiv Bild 101III-Weill-056-07, Frankreich, Metz, Himmler und Offiziere.jpg;https://commons.wikimedia.org/wiki/File%3ABundesarchiv_Bild_101III-Weill-056-07%2C_Frankreich%2C_Metz%2C_Himmler_und_Offiziere.jpg;CC BY-SA 3.0 de;Bundesarchiv, Bild 101III-Weill-056-07 / Weill / CC-BY-SA 3.0
130;749.16;754.06;BA;130.jpg;Bundesarchiv Bild 101III-Weill-056-08, Metz, Heinrich Himmler.jpg;https://commons.wikimedia.org/wiki/File%3ABundesarchiv_Bild_101III-Weill-056-08%2C_Metz%2C_Heinrich_Himmler.jpg;CC BY-SA 3.0 de;Bundesarchiv, Bild 101III-Weill-056-08 / Weill / CC-BY-SA 3.0
131;754.06;758.76;BA;131.jpg;Bundesarchiv Bild 101III-Ludwig-006-19, Kurt Meyer.jpg;https://commons.wikimedia.org/wiki/File%3ABundesarchiv_Bild_101III-Ludwig-006-19%2C_Kurt_Meyer.jpg;CC BY-SA 3.0 de;Bundesarchiv, Bild 101III-Ludwig-006-19 / Ludwig / CC-BY-SA 3.0
132;758.76;765.96;COM;132.jpg;Kurt Meyer at Stenopos battle.jpg;https://commons.wikimedia.org/wiki/File%3AKurt_Meyer_at_Stenopos_battle.jpg;CC BY-SA 3.0;Deutsches Bundesarchiv
133;765.96;772.46;COM;133.jpg;Marszałek Gerd von Rundstedt podczas inspekcji na Wale Atlantyckim (2-337).jpg;https://commons.wikimedia.org/wiki/File%3AMarsza%C5%82ek_Gerd_von_Rundstedt_podczas_inspekcji_na_Wale_Atlantyckim_%282-337%29.jpg;PDM, Public domain;Kurth
134;772.46;775.76;BA;134.jpg;Bundesarchiv Bild 146-1988-028-25A, Frankreich, Invasionsfront.jpg;https://commons.wikimedia.org/wiki/File%3ABundesarchiv_Bild_146-1988-028-25A%2C_Frankreich%2C_Invasionsfront.jpg;CC BY-SA 3.0 de;Bundesarchiv, Bild 146-1988-028-25A / CC-BY-SA 3.0
135;775.76;783.20;BA;135.jpg;Bundesarchiv Bild 146-1989-099-06, Frankreich, Kurt Meyer, Fritz Witt, Max Wünsche.jpg;https://commons.wikimedia.org/wiki/File%3ABundesarchiv_Bild_146-1989-099-06%2C_Frankreich%2C_Kurt_Meyer%2C_Fritz_Witt%2C_Max_W%C3%BCnsche.jpg;CC BY-SA 3.0 de;Bundesarchiv, Bild 146-1989-099-06 / Woscidlo, Wilfried / CC-BY-SA 3.0
136;783.20;788.96;COM;136.jpg;Ardennes Abbey 1.JPG;https://commons.wikimedia.org/wiki/File%3AArdennes_Abbey_1.JPG;CC BY-SA 3.0, GFDL;Burtonpe at English Wikipedia
137;788.96;796.38;COM;137.jpg;Ardenne Abbey aerial.jpg;https://commons.wikimedia.org/wiki/File%3AArdenne_Abbey_aerial.jpg;CC BY-SA 4.0;Lieven Smits
138;796.38;803.57;COM;138.jpg;Ardennes Abbey - courtyard.jpg;https://commons.wikimedia.org/wiki/File%3AArdennes_Abbey_-_courtyard.jpg;CC BY-SA 4.0;Seanbarnett
139;803.57;810.26;COM;139.jpg;Abbaye d'Ardenne fouilles 1988.jpg;https://commons.wikimedia.org/wiki/File%3AAbbaye_d%27Ardenne_fouilles_1988.jpg;CC BY-SA 4.0;Goéland
140;810.26;818.96;COM;140.jpg;MeyerTrial.jpg;https://commons.wikimedia.org/wiki/File%3AMeyerTrial.jpg;Public domain;Barney J. Gloster
141;818.96;825.96;BA;141.jpg;Bundesarchiv Bild 183-S92727, Berlin, Alexanderplatz, Berolinahaus, Ruine, Wiederaufbau, Straßenbahnen.jpg;https://commons.wikimedia.org/wiki/File%3ABundesarchiv_Bild_183-S92727%2C_Berlin%2C_Alexanderplatz%2C_Berolinahaus%2C_Ruine%2C_Wiederaufbau%2C_Stra%C3%9Fenbahnen.jpg;CC BY-SA 3.0 de;Bundesarchiv, Bild 183-S92727 / Kümpfel / CC-BY-SA 3.0
142;825.96;830.88;BA;142.jpg;Bundesarchiv Bild 183-08093-0015, Sachsendorf, Wiederaufbau, Auszeichnung.jpg;https://commons.wikimedia.org/wiki/File%3ABundesarchiv_Bild_183-08093-0015%2C_Sachsendorf%2C_Wiederaufbau%2C_Auszeichnung.jpg;CC BY-SA 3.0 de;Bundesarchiv, Bild 183-08093-0015 / CC-BY-SA 3.0
143;830.88;836.51;BA;143.jpg;Bundesarchiv Bild 183-08224-0005, Neu-Levin, Wiederaufbau, Bauplanung.jpg;https://commons.wikimedia.org/wiki/File%3ABundesarchiv_Bild_183-08224-0005%2C_Neu-Levin%2C_Wiederaufbau%2C_Bauplanung.jpg;CC BY-SA 3.0 de;Bundesarchiv, Bild 183-08224-0005 / CC-BY-SA
144;836.51;844.30;COM;144.jpg;242-HF-0767 001 Totenfeier 1923-11-04 Anfange d Bewegung Münchener Trauertag Parade völkischen Kampfverbände Kronprinz Rupprecht Prinz Leopold v Bayern NSDAP SA Nationalist Mourning Day Armeemuseum Denkmal NARA.jpg;https://commons.wikimedia.org/wiki/File%3A242-HF-0767_001_Totenfeier_1923-11-04_Anfange_d_Bewegung_M%C3%BCnchener_Trauertag_Parade_v%C3%B6lkischen_Kampfverb%C3%A4nde_Kronprinz_Rupprecht_Prinz_Leopold_v_Bayern_NSDAP_SA_Nationalist_Mourning_Day_Armeemuseum_Denkmal_NARA.jpg;CC0;Uncredited author
145;844.30;849.00;IA;145.png;group of middle-aged German men in suits at a veterans association meeting, 1950s, banner on the wall, beer hall;;Generada con IA (SD-Turbo, Stability AI Community License);
146;849.00;853.00;IA;146.png;Red Cross missing persons search office 1950s, women reading lists of names of missing soldiers on boards;;Generada con IA (SD-Turbo, Stability AI Community License);
147;853.00;860.90;IA;147.png;a widow in a dark coat holding a letter in a 1950s German kitchen, sad, window light;;Generada con IA (SD-Turbo, Stability AI Community License);
148;860.90;865.64;IA;148.png;a stack of old German hardcover books on a wooden table, 1960s, no readable text;;Generada con IA (SD-Turbo, Stability AI Community License);
149;865.64;870.06;GRAF;149.png;gráfico propio (mapas: Natural Earth, dominio público);;propio;
150;870.06;876.06;IA;150.png;veterans in suits standing at attention at a war memorial wreath ceremony, 1950s Germany, flags without symbols;;Generada con IA (SD-Turbo, Stability AI Community License);
151;876.06;884.04;IA;151.png;an old typewriter with a sheet of paper in a dim study, 1950s, cigarette smoke;;Generada con IA (SD-Turbo, Stability AI Community License);
152;884.04;890.92;IA;152.png;older German men in suits raising beer mugs at a long table in a tavern, 1950s, reunion;;Generada con IA (SD-Turbo, Stability AI Community License);
153;890.92;896.12;IA;153.png;West German election campaign posters on a street wall 1953, people walking, no readable text;;Generada con IA (SD-Turbo, Stability AI Community License);
154;896.12;901.86;IA;154.png;Cold War border fence with watchtower in Germany 1950s, barbed wire, fog;;Generada con IA (SD-Turbo, Stability AI Community License);
155;901.86;908.58;BA;155.jpg;Bundesarchiv B 145 Bild-F000878-0012, Braunschweig, Konrad Adenauer verlässt Sonderzug.jpg;https://commons.wikimedia.org/wiki/File%3ABundesarchiv_B_145_Bild-F000878-0012%2C_Braunschweig%2C_Konrad_Adenauer_verl%C3%A4sst_Sonderzug.jpg;CC BY-SA 3.0 de;Bundesarchiv, B 145 Bild-F000878-0012 / Skibowski, Klaus Otto /…
156;908.58;915.64;BA;156.jpg;Bundesarchiv Bild 146-2005-0060, Empfang bei Bundeskanzler Konrad Adenauer.jpg;https://commons.wikimedia.org/wiki/File%3ABundesarchiv_Bild_146-2005-0060%2C_Empfang_bei_Bundeskanzler_Konrad_Adenauer.jpg;CC BY-SA 3.0 de;Bundesarchiv, Bild 146-2005-0060 / CC-BY-SA 3.0
157;915.64;924.02;BA;157.jpg;Bundesarchiv B 145 Bild-F003303-0016, Andernach, Rede Adenauer vor Bundeswehr-Soldaten.jpg;https://commons.wikimedia.org/wiki/File%3ABundesarchiv_B_145_Bild-F003303-0016%2C_Andernach%2C_Rede_Adenauer_vor_Bundeswehr-Soldaten.jpg;CC BY-SA 3.0 de;Bundesarchiv, B 145 Bild-F003303-0016 / Unterberg, Rolf / CC-BY-SA 3.0
158;924.02;930.04;BA;158.jpg;Bundesarchiv Bild 146-2004-0092, Andernach, Adenauer besucht Bundeswehr.jpg;https://commons.wikimedia.org/wiki/File%3ABundesarchiv_Bild_146-2004-0092%2C_Andernach%2C_Adenauer_besucht_Bundeswehr.jpg;CC BY-SA 3.0 de;Bundesarchiv, Bild 146-2004-0092 / Wolf, Helmut J. / CC-BY-SA 3.0
159;930.04;937.04;BA;159.jpg;Bundesarchiv Bild 146-1998-006-34, Andernach, Adenauer besucht Bundeswehr.jpg;https://commons.wikimedia.org/wiki/File%3ABundesarchiv_Bild_146-1998-006-34%2C_Andernach%2C_Adenauer_besucht_Bundeswehr.jpg;CC BY-SA 3.0 de;Bundesarchiv, Bild 146-1998-006-34 / Wolf, Helmut J. / CC-BY-SA 3.0
160;937.04;939.89;COM;160.jpg;Manöver Nordwind der Bundeswehr (Kiel 13.790) 1957 (V1).jpg;https://commons.wikimedia.org/wiki/File%3AMan%C3%B6ver_Nordwind_der_Bundeswehr_%28Kiel_13.790%29_1957_%28V1%29.jpg;CC BY-SA 3.0 de;Magnussen, Friedrich
161;939.89;947.52;IA;161.png;young West German soldiers in new 1956 uniforms and helmets standing in formation, barracks yard;;Generada con IA (SD-Turbo, Stability AI Community License);
162;947.52;949.66;IA;162.png;NATO military parade 1957, tanks and soldiers, crowd watching;;Generada con IA (SD-Turbo, Stability AI Community License);
163;949.66;955.98;IA;163.png;veterans meeting in a large hall 1960s Germany, men in suits with medals on their chests singing;;Generada con IA (SD-Turbo, Stability AI Community License);
164;955.98;959.96;IA;164.png;black mourning ribbon on a framed photograph of an old officer, candles, 1966;;Generada con IA (SD-Turbo, Stability AI Community License);
165;959.96;966.90;IA;165.png;large crowd of elderly men in dark coats at a cemetery funeral, Germany 1966, wreaths;;Generada con IA (SD-Turbo, Stability AI Community License);
166;966.90;972.12;IA;166.png;long line of mourners walking along a cemetery path, overcast day, 1966;;Generada con IA (SD-Turbo, Stability AI Community License);
167;972.12;974.36;IA;167.png;empty wooden chair beside a window with rain, quiet room, 1961;;Generada con IA (SD-Turbo, Stability AI Community License);
168;974.36;981.96;IA;168.png;a calendar page and a birthday cake untouched on a table, dim winter light, December 1961;;Generada con IA (SD-Turbo, Stability AI Community License);
169;981.96;985.40;IA;169.png;crowd of men in hats at a funeral procession in a German town, December 1961, snow;;Generada con IA (SD-Turbo, Stability AI Community License);
170;985.40;990.72;COM;170.jpg;Paul Hausser.jpg;https://commons.wikimedia.org/wiki/File%3APaul_Hausser.jpg;Public domain;US War Documentary Service
171;990.72;996.68;BA;171.jpg;Bundesarchiv Bild 146-1973-122-16, Paul Hausser (cropped).jpg;https://commons.wikimedia.org/wiki/File%3ABundesarchiv_Bild_146-1973-122-16%2C_Paul_Hausser_%28cropped%29.jpg;CC BY-SA 3.0 de;Bundesarchiv, Bild 146-1973-122-16 / CC-BY-SA 3.0
172;996.68;1004.14;BA;172.jpg;Bundesarchiv Bild 192-041, KZ Mauthausen, Besuch Himmler (cropped).jpg;https://commons.wikimedia.org/wiki/File%3ABundesarchiv_Bild_192-041%2C_KZ_Mauthausen%2C_Besuch_Himmler_%28cropped%29.jpg;CC BY-SA 3.0 de;Bundesarchiv, Bild 192-041 / CC-BY-SA 3.0
173;1004.14;1010.76;BA;173.jpg;Bundesarchiv Bild 192-135, KZ Mauthausen, Himmlervisite.jpg;https://commons.wikimedia.org/wiki/File%3ABundesarchiv_Bild_192-135%2C_KZ_Mauthausen%2C_Himmlervisite.jpg;CC BY-SA 3.0 de;Bundesarchiv, Bild 192-135 / CC-BY-SA 3.0
174;1010.76;1017.18;BA;174.jpg;Bundesarchiv Bild 101III-Merz-013-33, Russland, Führer der Waffen-SS.jpg;https://commons.wikimedia.org/wiki/File%3ABundesarchiv_Bild_101III-Merz-013-33%2C_Russland%2C_F%C3%BChrer_der_Waffen-SS.jpg;CC BY-SA 3.0 de;Bundesarchiv, Bild 101III-Merz-013-33 / Merz / CC-BY-SA 3.0
175;1017.18;1020.16;BA;175.jpg;Bundesarchiv Bild 101III-Zschaeckel-198-19, Russland, bei Charkow, Heinrich Himmler.jpg;https://commons.wikimedia.org/wiki/File%3ABundesarchiv_Bild_101III-Zschaeckel-198-19%2C_Russland%2C_bei_Charkow%2C_Heinrich_Himmler.jpg;CC BY-SA 3.0 de;Bundesarchiv, Bild 101III-Zschaeckel-198-19 / Zschäckel, Friedrich /…
176;1020.16;1028.81;COM;176.jpg;Bascule l'Auze, Oradour-sur-Glane.jpg;https://commons.wikimedia.org/wiki/File%3ABascule_l%27Auze%2C_Oradour-sur-Glane.jpg;CC BY-SA 4.0;Mathis Loiseau
177;1028.81;1031.76;COM;177.jpg;Bascule publique, Oradour-sur-Glane.jpg;https://commons.wikimedia.org/wiki/File%3ABascule_publique%2C_Oradour-sur-Glane.jpg;CC BY-SA 4.0;Mathis Loiseau
178;1031.76;1039.26;COM;178.jpg;Boulangerie Bouchoule, Oradour-sur-Glane.jpg;https://commons.wikimedia.org/wiki/File%3ABoulangerie_Bouchoule%2C_Oradour-sur-Glane.jpg;CC BY-SA 4.0;Mathis Loiseau
179;1039.26;1045.86;COM;179.jpg;Croisement rue principale, Oradour-sur-Glane.jpg;https://commons.wikimedia.org/wiki/File%3ACroisement_rue_principale%2C_Oradour-sur-Glane.jpg;CC BY-SA 4.0;Mathis Loiseau
180;1045.86;1052.72;COM;180.jpg;Ecole des filles, Oradour-sur-Glane.jpg;https://commons.wikimedia.org/wiki/File%3AEcole_des_filles%2C_Oradour-sur-Glane.jpg;CC BY-SA 4.0;Mathis Loiseau
181;1052.72;1060.23;COM;181.jpg;Eglise, Oradour-sur-Glane.jpg;https://commons.wikimedia.org/wiki/File%3AEglise%2C_Oradour-sur-Glane.jpg;CC BY-SA 4.0;Mathis Loiseau
182;1060.23;1063.58;COM;182.jpg;Entrée ferme de l'Auze, Oradour-sur-Glane.jpg;https://commons.wikimedia.org/wiki/File%3AEntr%C3%A9e_ferme_de_l%27Auze%2C_Oradour-sur-Glane.jpg;CC BY-SA 4.0;Mathis Loiseau
183;1063.58;1070.82;COM;183.jpg;Champ de foire, Oradour-sur-Glane.jpg;https://commons.wikimedia.org/wiki/File%3AChamp_de_foire%2C_Oradour-sur-Glane.jpg;CC BY-SA 4.0;Mathis Loiseau
184;1070.82;1075.37;COM;184.jpg;Arbre de la libert, Oradour-sur-Glane.jpg;https://commons.wikimedia.org/wiki/File%3AArbre_de_la_libert%2C_Oradour-sur-Glane.jpg;CC BY-SA 4.0;Mathis Loiseau
185;1075.37;1081.40;COM;185.jpg;Chai Denis, Oradour-sur-Glane.jpg;https://commons.wikimedia.org/wiki/File%3AChai_Denis%2C_Oradour-sur-Glane.jpg;CC BY-SA 4.0;Mathis Loiseau
186;1081.40;1089.12;COM;186.jpg;Clapier ferme de l'Auze, Oradour-sur-Glane.jpg;https://commons.wikimedia.org/wiki/File%3AClapier_ferme_de_l%27Auze%2C_Oradour-sur-Glane.jpg;CC BY-SA 4.0;Mathis Loiseau
187;1089.12;1092.70;COM;187.jpg;Colonne Oradour-sur-Glane.jpg;https://commons.wikimedia.org/wiki/File%3AColonne_Oradour-sur-Glane.jpg;CC BY-SA 4.0;Hernandlucas
188;1092.70;1099.60;COM;188.jpg;Monument aux malgré-nous (Turckheim).jpg;https://commons.wikimedia.org/wiki/File%3AMonument_aux_malgr%C3%A9-nous_%28Turckheim%29.jpg;CC BY-SA 4.0;Gzen92
189;1099.60;1104.56;COM;189.jpg;Lixhausen croix des malgré nous1.jpg;https://commons.wikimedia.org/wiki/File%3ALixhausen_croix_des_malgr%C3%A9_nous1.jpg;CC BY-SA 4.0;Didivo67
190;1104.56;1109.54;COM;190.jpg;Lixhausen croix des malgré nous2.jpg;https://commons.wikimedia.org/wiki/File%3ALixhausen_croix_des_malgr%C3%A9_nous2.jpg;CC BY-SA 4.0;Didivo67
191;1109.54;1118.26;COM;191.jpg;ObernaiMalgréNous.JPG;https://commons.wikimedia.org/wiki/File%3AObernaiMalgr%C3%A9Nous.JPG;CC BY-SA 2.5;Juergen Kappenberg, Pirmasens, Germany
192;1118.26;1121.00;COM;192.jpg;Plaque Alsace Moselle WWII Intérieur Gare Metz Ville - Metz (FR57) - 2022-02-25 - 1.jpg;https://commons.wikimedia.org/wiki/File%3APlaque_Alsace_Moselle_WWII_Int%C3%A9rieur_Gare_Metz_Ville_-_Metz_%28FR57%29_-_2022-02-25_-_1.jpg;CC BY-SA 4.0;Chabe01
193;1121.00;1125.18;COM;193.jpg;Ecole des garçons, Oradour-sur-Glane.jpg;https://commons.wikimedia.org/wiki/File%3AEcole_des_gar%C3%A7ons%2C_Oradour-sur-Glane.jpg;CC BY-SA 4.0;Mathis Loiseau
194;1125.18;1131.68;COM;194.jpg;Ecole des Lorrains, Oradour-sur-Glane.jpg;https://commons.wikimedia.org/wiki/File%3AEcole_des_Lorrains%2C_Oradour-sur-Glane.jpg;CC BY-SA 4.0;Mathis Loiseau
195;1131.68;1138.32;COM;195.jpg;Entrée, Oradour-sur-Glane.jpg;https://commons.wikimedia.org/wiki/File%3AEntr%C3%A9e%2C_Oradour-sur-Glane.jpg;CC BY-SA 4.0;Mathis Loiseau
196;1138.32;1144.82;COM;196.jpg;Ferme de l'Auze, Oradour-sur-Glane.jpg;https://commons.wikimedia.org/wiki/File%3AFerme_de_l%27Auze%2C_Oradour-sur-Glane.jpg;CC BY-SA 4.0;Mathis Loiseau
197;1144.82;1151.90;COM;197.jpg;France NA 87 Oradour-sur-Glane 02.jpg;https://commons.wikimedia.org/wiki/File%3AFrance_NA_87_Oradour-sur-Glane_02.jpg;CC BY-SA 3.0;Calips
198;1151.90;1157.12;COM;198.jpg;Arbre de la Liberté, Oradour-sur-Glane.jpg;https://commons.wikimedia.org/wiki/File%3AArbre_de_la_Libert%C3%A9%2C_Oradour-sur-Glane.jpg;CC BY-SA 4.0;Mathis Loiseau
199;1157.12;1164.66;COM;199.jpg;Lammerding.jpg;https://commons.wikimedia.org/wiki/File%3ALammerding.jpg;CC BY-SA 3.0;Fburgevin
200;1164.66;1172.46;COM;200.jpg;Kurt Weisse.jpg;https://commons.wikimedia.org/wiki/File%3AKurt_Weisse.jpg;CC BY-SA 4.0;RuHSA
201;1172.46;1175.52;BA;201.jpg;Bundesarchiv Bild 101I-668-7168-26A, Reichsgebiet, Leitstand der 4. Flakdivision.jpg;https://commons.wikimedia.org/wiki/File%3ABundesarchiv_Bild_101I-668-7168-26A%2C_Reichsgebiet%2C_Leitstand_der_4._Flakdivision.jpg;CC BY-SA 3.0 de;Bundesarchiv, Bild 101I-668-7168-26A / Zoll / CC-BY-SA 3.0
202;1175.52;1183.10;BA;202.jpg;Bundesarchiv Bild 183-08093-0009, Sachsendorf, Wiederaufbau, Leistungstafel.jpg;https://commons.wikimedia.org/wiki/File%3ABundesarchiv_Bild_183-08093-0009%2C_Sachsendorf%2C_Wiederaufbau%2C_Leistungstafel.jpg;CC BY-SA 3.0 de;Bundesarchiv, Bild 183-08093-0009 / CC-BY-SA 3.0
203;1183.10;1190.86;COM;203.jpg;Aterrizaje en la playa de la Concha del bombardero modelo Heinkel 111, que venía directamente desde Noruega de Léon Degrelle, piloto belga y cabeza del partido nazi en Bélgica en la Segunda... (1 de 5) - Fondo Car-Kutxa Fototeka.jpg;https://commons.wikimedia.org/wiki/File%3AAterrizaje_en_la_playa_de_la_Concha_del_bombardero_modelo_Heinkel_111%2C_que_ven%C3%ADa_directamente_desde_Noruega_de_L%C3%A9on_Degrelle%2C_piloto_belga_y_cabeza_del_partido_nazi_en_B%C3%A9lgica_en_la_Segunda..._%281_de_5%29_-_Fondo_Car-Kutxa_Fototeka.jpg;CC BY-SA 3.0;Vicente Martín
204;1190.86;1195.88;COM;204.jpg;Aterrizaje en la playa de la Concha del bombardero modelo Heinkel 111, que venía directamente desde Noruega de Léon Degrelle, piloto belga y cabeza del partido nazi en Bélgica en la Segunda... (2 de 5) - Fondo Car-Kutxa Fototeka.jpg;https://commons.wikimedia.org/wiki/File%3AAterrizaje_en_la_playa_de_la_Concha_del_bombardero_modelo_Heinkel_111%2C_que_ven%C3%ADa_directamente_desde_Noruega_de_L%C3%A9on_Degrelle%2C_piloto_belga_y_cabeza_del_partido_nazi_en_B%C3%A9lgica_en_la_Segunda..._%282_de_5%29_-_Fondo_Car-Kutxa_Fototeka.jpg;CC BY-SA 3.0;Vicente Martín
205;1195.88;1203.48;COM;205.jpg;Aterrizaje en la playa de la Concha del bombardero modelo Heinkel 111, que venía directamente desde Noruega de Léon Degrelle, piloto belga y cabeza del partido nazi en Bélgica en la Segunda... (3 de 5) - Fondo Car-Kutxa Fototeka.jpg;https://commons.wikimedia.org/wiki/File%3AAterrizaje_en_la_playa_de_la_Concha_del_bombardero_modelo_Heinkel_111%2C_que_ven%C3%ADa_directamente_desde_Noruega_de_L%C3%A9on_Degrelle%2C_piloto_belga_y_cabeza_del_partido_nazi_en_B%C3%A9lgica_en_la_Segunda..._%283_de_5%29_-_Fondo_Car-Kutxa_Fototeka.jpg;CC BY-SA 3.0;Vicente Martín
206;1203.48;1210.90;GRAF;206.png;gráfico propio (mapas: Natural Earth, dominio público);;propio;
207;1210.90;1217.39;COM;207.jpg;Aterrizaje en la playa de la Concha del bombardero modelo Heinkel 111, que venía directamente desde Noruega de Léon Degrelle, piloto belga y cabeza del partido nazi en Bélgica en la Segunda... (4 de 5) - Fondo Car-Kutxa Fototeka.jpg;https://commons.wikimedia.org/wiki/File%3AAterrizaje_en_la_playa_de_la_Concha_del_bombardero_modelo_Heinkel_111%2C_que_ven%C3%ADa_directamente_desde_Noruega_de_L%C3%A9on_Degrelle%2C_piloto_belga_y_cabeza_del_partido_nazi_en_B%C3%A9lgica_en_la_Segunda..._%284_de_5%29_-_Fondo_Car-Kutxa_Fototeka.jpg;CC BY-SA 3.0;Vicente Martín
208;1217.39;1220.46;COM;208.jpg;Aterrizaje en la playa de la Concha del bombardero modelo Heinkel 111, que venía directamente desde Noruega de Léon Degrelle, piloto belga y cabeza del partido nazi en Bélgica en la Segunda... (5 de 5) - Fondo Car-Kutxa Fototeka.jpg;https://commons.wikimedia.org/wiki/File%3AAterrizaje_en_la_playa_de_la_Concha_del_bombardero_modelo_Heinkel_111%2C_que_ven%C3%ADa_directamente_desde_Noruega_de_L%C3%A9on_Degrelle%2C_piloto_belga_y_cabeza_del_partido_nazi_en_B%C3%A9lgica_en_la_Segunda..._%285_de_5%29_-_Fondo_Car-Kutxa_Fototeka.jpg;CC BY-SA 3.0;Vicente Martín
209;1220.46;1225.76;COM;209.jpg;Degrelle Lippert.jpg;https://commons.wikimedia.org/wiki/File%3ADegrelle_Lippert.jpg;CC0;Teufel68
210;1225.76;1235.46;COM;210.jpg;Degrelle, Leon.jpg;https://commons.wikimedia.org/wiki/File%3ADegrelle%2C_Leon.jpg;Public domain;Unknown author
211;1235.46;1243.06;COM;211.jpg;Léon Degrelle à Charleroi - 01.jpg;https://commons.wikimedia.org/wiki/File%3AL%C3%A9on_Degrelle_%C3%A0_Charleroi_-_01.jpg;Public domain;Unknown author
212;1243.06;1248.54;COM;212.jpg;Léon Degrelle à Charleroi - 02.jpg;https://commons.wikimedia.org/wiki/File%3AL%C3%A9on_Degrelle_%C3%A0_Charleroi_-_02.jpg;Public domain;Unknown author
213;1248.54;1251.96;COM;213.jpg;Otto Skorzeny portait.jpg;https://commons.wikimedia.org/wiki/File%3AOtto_Skorzeny_portait.jpg;Public domain;Unknown author
214;1251.96;1259.36;BA;214.jpg;Bundesarchiv Bild 101I-567-1503A-07, Gran Sasso, Mussolini mit deutschen Fallschirmjägern.jpg;https://commons.wikimedia.org/wiki/File%3ABundesarchiv_Bild_101I-567-1503A-07%2C_Gran_Sasso%2C_Mussolini_mit_deutschen_Fallschirmj%C3%A4gern.jpg;CC BY-SA 3.0 de;Bundesarchiv, Bild 101I-567-1503A-07 / Toni Schneiders / CC-BY-SA 3.0
215;1259.36;1263.10;BA;215.jpg;Bundesarchiv Bild 101I-567-1503A-08, Gran Sasso, Skorzeny, Mussolini mit Fallschirmjägern.jpg;https://commons.wikimedia.org/wiki/File%3ABundesarchiv_Bild_101I-567-1503A-08%2C_Gran_Sasso%2C_Skorzeny%2C_Mussolini_mit_Fallschirmj%C3%A4gern.jpg;CC BY-SA 3.0 de;Bundesarchiv, Bild 101I-567-1503A-08 / Toni Schneiders / CC-BY-SA 3.0
216;1263.10;1268.52;BA;216.jpg;Bundesarchiv Bild 101I-567-1503C-15, Gran Sasso, Mussolini vor Hotel.jpg;https://commons.wikimedia.org/wiki/File%3ABundesarchiv_Bild_101I-567-1503C-15%2C_Gran_Sasso%2C_Mussolini_vor_Hotel.jpg;CC BY-SA 3.0 de;Bundesarchiv, Bild 101I-567-1503C-15 / Toni Schneiders / CC-BY-SA 3.0
217;1268.52;1275.38;BA;217.jpg;Bundesarchiv Bild 101I-567-1503C-16, Gran Sasso, Mussolini vor Hotel.jpg;https://commons.wikimedia.org/wiki/File%3ABundesarchiv_Bild_101I-567-1503C-16%2C_Gran_Sasso%2C_Mussolini_vor_Hotel.jpg;CC BY-SA 3.0 de;Bundesarchiv, Bild 101I-567-1503C-16 / Toni Schneiders / CC-BY-SA 3.0
218;1275.38;1281.06;BA;218.jpg;Bundesarchiv Bild 101I-567-1503C-17, Gran Sasso, Mussolini vor Hotel.jpg;https://commons.wikimedia.org/wiki/File%3ABundesarchiv_Bild_101I-567-1503C-17%2C_Gran_Sasso%2C_Mussolini_vor_Hotel.jpg;CC BY-SA 3.0 de;Bundesarchiv, Bild 101I-567-1503C-17 / Toni Schneiders / CC-BY-SA 3.0
219;1281.06;1288.58;BA;219.jpg;Bundesarchiv Bild 101I-567-1503C-18, Gran Sasso, Mussolini vor Hotel.jpg;https://commons.wikimedia.org/wiki/File%3ABundesarchiv_Bild_101I-567-1503C-18%2C_Gran_Sasso%2C_Mussolini_vor_Hotel.jpg;CC BY-SA 3.0 de;Bundesarchiv, Bild 101I-567-1503C-18 / Toni Schneiders / CC-BY-SA 3.0
220;1288.58;1292.70;COM;220.jpg;Hudalkurtefinished.png;https://commons.wikimedia.org/wiki/File%3AHudalkurtefinished.png;CC BY-SA 4.0;Kvrte
221;1292.70;1301.92;COM;221.jpg;Alois Hudal Santa Maria dell'Anima ca 1940.jpg;https://commons.wikimedia.org/wiki/File%3AAlois_Hudal_Santa_Maria_dell%27Anima_ca_1940.jpg;CC BY-SA 4.0;Alois Hudal Santa Maria dell'Anima ca 1940
222;1301.92;1306.28;COM;222.jpg;Alois Hudal (Grabtafel).jpg;https://commons.wikimedia.org/wiki/File%3AAlois_Hudal_%28Grabtafel%29.jpg;CC BY-SA 4.0;Wolters M
223;1306.28;1312.84;COM;223.jpg;Cabildo de Buenos Aires en 1950.jpg;https://commons.wikimedia.org/wiki/File%3ACabildo_de_Buenos_Aires_en_1950.jpg;Public domain;Sin datos
224;1312.84;1319.10;COM;224.jpg;Amérique - Amérique du Sud - Argentine - Région de Pampas - Ville fédérale de Buenos Aires - Buenos Aires - Port de Buenos Aires - Prise de vue 1-2 (MédiHAL 1805097).jpg;https://commons.wikimedia.org/wiki/File%3AAm%C3%A9rique_-_Am%C3%A9rique_du_Sud_-_Argentine_-_R%C3%A9gion_de_Pampas_-_Ville_f%C3%A9d%C3%A9rale_de_Buenos_Aires_-_Buenos_Aires_-_Port_de_Buenos_Aires_-_Prise_de_vue_1-2_%28M%C3%A9diHAL_1805097%29.jpg;Licence Ouverte 2.0;MédiHAL
225;1319.10;1321.80;GRAF;225.png;gráfico propio (mapas: Natural Earth, dominio público);;propio;
226;1321.80;1326.44;COM;226.jpg;Amérique - Amérique du Sud - Argentine - Région de Pampas - Ville fédérale de Buenos Aires - Buenos Aires - Port de Buenos Aires - Prise de vue 2-2 (MédiHAL 1805099).jpg;https://commons.wikimedia.org/wiki/File%3AAm%C3%A9rique_-_Am%C3%A9rique_du_Sud_-_Argentine_-_R%C3%A9gion_de_Pampas_-_Ville_f%C3%A9d%C3%A9rale_de_Buenos_Aires_-_Buenos_Aires_-_Port_de_Buenos_Aires_-_Prise_de_vue_2-2_%28M%C3%A9diHAL_1805099%29.jpg;Licence Ouverte 2.0;MédiHAL
227;1326.44;1332.44;COM;227.jpg;Signac - Harbor of Le Trieux, 1925, 1950.295.jpg;https://commons.wikimedia.org/wiki/File%3ASignac_-_Harbor_of_Le_Trieux%2C_1925%2C_1950.295.jpg;PDM, Public domain;Paul Signac
228;1332.44;1337.72;COM;228.jpg;Alois Hudal signature.jpg;https://commons.wikimedia.org/wiki/File%3AAlois_Hudal_signature.jpg;Public domain;Alois Hudal
229;1337.72;1343.92;COM;229.jpg;Josef Mengele, Auschwitz. Album Höcker (cropped) b.jpg;https://commons.wikimedia.org/wiki/File%3AJosef_Mengele%2C_Auschwitz._Album_H%C3%B6cker_%28cropped%29_b.jpg;Public domain;File:Josef Mengele, Auschwitz. Album Höcker
230;1343.92;1350.82;GRAF;230.png;gráfico propio (mapas: Natural Earth, dominio público);;propio;
231;1350.82;1355.80;COM;231.jpg;Kramer, Mengele, Baer, Höcker, Schmidetzki.jpg;https://commons.wikimedia.org/wiki/File%3AKramer%2C_Mengele%2C_Baer%2C_H%C3%B6cker%2C_Schmidetzki.jpg;Public domain;Bernhard Walther or Ernst Hofmann or Karl-Friedrich Höcker
232;1355.80;1360.58;COM;232.jpg;Mengele Pavillon.jpg;https://commons.wikimedia.org/wiki/File%3AMengele_Pavillon.jpg;CC BY-SA 4.0;Manerij
233;1360.58;1369.42;COM;233.jpg;Legion1PW.jpg;https://commons.wikimedia.org/wiki/File%3ALegion1PW.jpg;Public domain;Richard Bareford
234;1369.42;1371.86;COM;234.jpg;Captain gallant full.JPG;https://commons.wikimedia.org/wiki/File%3ACaptain_gallant_full.JPG;Public domain;NBC Television Audience Promotion Uploaded by We hope at en.wikipedia
235;1371.86;1378.36;COM;235.jpg;Raymond Tournoux et le Colonel Jeanpierre du 1er REP en mars 1958 (Algérie).jpg;https://commons.wikimedia.org/wiki/File%3ARaymond_Tournoux_et_le_Colonel_Jeanpierre_du_1er_REP_en_mars_1958_%28Alg%C3%A9rie%29.jpg;CC BY-SA 4.0;AndreaSolveig1512
236;1378.36;1382.26;COM;236.jpg;Bataille de Na San.png;https://commons.wikimedia.org/wiki/File%3ABataille_de_Na_San.png;Public domain;BrunoLC
237;1382.26;1388.36;COM;237.jpg;Camp retranché de Na San nov-déc 1952.jpg;https://commons.wikimedia.org/wiki/File%3ACamp_retranch%C3%A9_de_Na_San_nov-d%C3%A9c_1952.jpg;Public domain;BrunoLC
238;1388.36;1394.42;IA;238.png;French Foreign Legion recruitment office 1947, young men in shabby coats waiting in line;;Generada con IA (SD-Turbo, Stability AI Community License);
239;1394.42;1398.10;IA;239.png;young unemployed German men sitting on the steps of a ruined building 1947, shabby clothes;;Generada con IA (SD-Turbo, Stability AI Community License);
240;1398.10;1403.34;IA;240.png;a legionnaire in a kepi blanc looking away, his face half in shadow, barracks 1950;;Generada con IA (SD-Turbo, Stability AI Community License);
241;1403.34;1409.14;IA;241.png;French Foreign Legion soldiers marching in the jungle of Indochina 1951, rifles, heat;;Generada con IA (SD-Turbo, Stability AI Community License);
242;1409.14;1415.84;IA;242.png;an old paperback war novel lying on a wooden table, worn cover without text, 1971;;Generada con IA (SD-Turbo, Stability AI Community License);
243;1415.84;1422.92;COM;243.jpg;NSB-ers en collaborateurs aangehouden, Bestanddeelnr 900-2709.jpg;https://commons.wikimedia.org/wiki/File%3ANSB-ers_en_collaborateurs_aangehouden%2C_Bestanddeelnr_900-2709.jpg;CC0;Fotograaf Onbekend / Anefo
244;1422.92;1427.00;COM;244.jpg;Massagraf te Waalsdorp. Duitse oorlogsmisdadigers en Nederlandse collaborateurs , Bestanddeelnr 120-0622.jpg;https://commons.wikimedia.org/wiki/File%3AMassagraf_te_Waalsdorp._Duitse_oorlogsmisdadigers_en_Nederlandse_collaborateurs_%2C_Bestanddeelnr_120-0622.jpg;CC0;Piet van der Ham for Anefo
245;1427.00;1434.00;GRAF;245.png;gráfico propio (mapas: Natural Earth, dominio público);;propio;
246;1434.00;1441.74;COM;246.jpg;Massagraf te Waalsdorp. Duitse oorlogsmisdadigers en Nederlandse collaborateurs , Bestanddeelnr 900-5763.jpg;https://commons.wikimedia.org/wiki/File%3AMassagraf_te_Waalsdorp._Duitse_oorlogsmisdadigers_en_Nederlandse_collaborateurs_%2C_Bestanddeelnr_900-5763.jpg;CC0;Piet van der Ham for Anefo
247;1441.74;1447.86;COM;247.jpg;Massagraf te Waalsdorp. Duitse oorlogsmisdadigers en Nederlandse collaborateurs , Bestanddeelnr 900-5764.jpg;https://commons.wikimedia.org/wiki/File%3AMassagraf_te_Waalsdorp._Duitse_oorlogsmisdadigers_en_Nederlandse_collaborateurs_%2C_Bestanddeelnr_900-5764.jpg;CC0;Piet van der Ham for Anefo
248;1447.86;1453.92;COM;248.jpg;Een groep opgepakte collaborateurs wordt onder bewaking afgevoerd locatie hoek , Bestanddeelnr 900-4256.jpg;https://commons.wikimedia.org/wiki/File%3AEen_groep_opgepakte_collaborateurs_wordt_onder_bewaking_afgevoerd_locatie_hoek_%2C_Bestanddeelnr_900-4256.jpg;CC0;Fotograaf Onbekend / Anefo
249;1453.92;1458.48;COM;249.jpg;Een groep opgepakte collaborateurs wordt onder bewaking afgevoerd locatie Velpe, Bestanddeelnr 900-4257.jpg;https://commons.wikimedia.org/wiki/File%3AEen_groep_opgepakte_collaborateurs_wordt_onder_bewaking_afgevoerd_locatie_Velpe%2C_Bestanddeelnr_900-4257.jpg;CC0;Fotograaf Onbekend / Anefo
250;1458.48;1463.28;COM;250.jpg;REI FSZ Kugelbach 02.jpg;https://commons.wikimedia.org/wiki/File%3AREI_FSZ_Kugelbach_02.jpg;CC BY-SA 3.0;Luitold
251;1463.28;1470.62;COM;251.jpg;REI FSZ Kugelbach 01.jpg;https://commons.wikimedia.org/wiki/File%3AREI_FSZ_Kugelbach_01.jpg;CC BY-SA 3.0;Luitold
252;1470.62;1475.12;COM;252.jpg;REI FSZ Soldaten 1WK.jpg;https://commons.wikimedia.org/wiki/File%3AREI_FSZ_Soldaten_1WK.jpg;CC BY-SA 3.0;Luitold
253;1475.12;1483.18;COM;253.jpg;A) Officiers de la LVF puis de la Division Charlemagne 02.jpg;https://commons.wikimedia.org/wiki/File%3AA%29_Officiers_de_la_LVF_puis_de_la_Division_Charlemagne_02.jpg;CC BY-SA 4.0;Unknown author
254;1483.18;1489.64;COM;254.jpg;Bad Reichenhall Alte Saline 773.jpg;https://commons.wikimedia.org/wiki/File%3ABad_Reichenhall_Alte_Saline_773.jpg;CC BY-SA 3.0;GFreihalter
255;1489.64;1493.44;IA;255.png;French Foreign Legion soldiers boarding a troop ship for Indochina 1950, harbor;;Generada con IA (SD-Turbo, Stability AI Community License);
256;1493.44;1496.64;BA;256.jpg;Bundesarchiv Bild 101I-702-0420-35, Lettland, Riga, Beisetzung.jpg;https://commons.wikimedia.org/wiki/File%3ABundesarchiv_Bild_101I-702-0420-35%2C_Lettland%2C_Riga%2C_Beisetzung.jpg;CC BY-SA 3.0 de;Bundesarchiv, Bild 101I-702-0420-35 / CC-BY-SA 3.0
257;1496.64;1498.04;COM;257.jpg;Voldemārs Veiss .jpg;https://commons.wikimedia.org/wiki/File%3AVoldem%C4%81rs_Veiss_.jpg;CC BY-SA 4.0;Kleiseavich
258;1498.04;1505.62;COM;258.jpg;Памятник битве у Море.jpg;https://commons.wikimedia.org/wiki/File%3A%D0%9F%D0%B0%D0%BC%D1%8F%D1%82%D0%BD%D0%B8%D0%BA_%D0%B1%D0%B8%D1%82%D0%B2%D0%B5_%D1%83_%D0%9C%D0%BE%D1%80%D0%B5.jpg;Public domain;Dukurs
259;1505.62;1510.58;COM;259.jpg;GrabWaldemarWeiss.jpg;https://commons.wikimedia.org/wiki/File%3AGrabWaldemarWeiss.jpg;CC BY-SA 3.0, GFDL;
260;1510.58;1516.16;COM;260.jpg;3 1 0 17 12541 34808 1938-05 SA-Oberführer Horst von Petersdorff Berlin 1938-05 Commemorative ceremony Riga Latvia German Freikorps in Baltic 1919 Eiserne Division Und doch banners nazi propaganda Narodowe Archiwum Cyfrowe PD.jpg;https://commons.wikimedia.org/wiki/File%3A3_1_0_17_12541_34808_1938-05_SA-Oberf%C3%BChrer_Horst_von_Petersdorff_Berlin_1938-05_Commemorative_ceremony_Riga_Latvia_German_Freikorps_in_Baltic_1919_Eiserne_Division_Und_doch_banners_nazi_propaganda_Narodowe_Archiwum_Cyfrowe_PD.jpg;PDM, Public domain;Unknown author
261;1516.16;1519.90;COM;261.jpg;Latvian Legion conscription order.jpg;https://commons.wikimedia.org/wiki/File%3ALatvian_Legion_conscription_order.jpg;Public domain;http://www.lacplesis.com
262;1519.90;1526.52;COM;262.jpg;Parches de cuello de la 15.SS.jpg;https://commons.wikimedia.org/wiki/File%3AParches_de_cuello_de_la_15.SS.jpg;CC BY-SA 4.0;Kleiseavich
263;1526.52;1532.44;COM;263.jpg;Emblema de la 15. División.png;https://commons.wikimedia.org/wiki/File%3AEmblema_de_la_15._Divisi%C3%B3n.png;CC BY-SA 4.0;Kleiseavich
264;1532.44;1537.32;IA;264.png;refugees with suitcases walking on a muddy road in a displaced persons camp 1946, barracks;;Generada con IA (SD-Turbo, Stability AI Community License);
265;1537.32;1545.66;COM;265.jpg;Barletta DP camp, 1947 (002).tif;https://commons.wikimedia.org/wiki/File%3ABarletta_DP_camp%2C_1947_%28002%29.tif;CC BY-SA 3.0;Shalom Strassberg
266;1545.66;1552.10;COM;266.jpg;Barletta DP camp, 1947 (007).tif;https://commons.wikimedia.org/wiki/File%3ABarletta_DP_camp%2C_1947_%28007%29.tif;CC BY-SA 3.0;Shalom Strassberg
267;1552.10;1558.24;COM;267.jpg;Barletta DP camp, 1947 (021).tif;https://commons.wikimedia.org/wiki/File%3ABarletta_DP_camp%2C_1947_%28021%29.tif;CC BY-SA 3.0;Shalom Strassberg
268;1558.24;1562.44;COM;268.jpg;Barletta DP camp, 1947 (049).tif;https://commons.wikimedia.org/wiki/File%3ABarletta_DP_camp%2C_1947_%28049%29.tif;CC BY-SA 3.0;Shalom Strassberg
269;1562.44;1569.28;COM;269.jpg;Parade galizia recruits lviv 18.07.43.jpg;https://commons.wikimedia.org/wiki/File%3AParade_galizia_recruits_lviv_18.07.43.jpg;Public domain;Unknown author
270;1569.28;1576.12;COM;270.jpg;Керівництво Галичини вітає добровольців. На передньому плані - Голова Військової Управи полк. Бізанц..jpg;https://commons.wikimedia.org/wiki/File%3A%D0%9A%D0%B5%D1%80%D1%96%D0%B2%D0%BD%D0%B8%D1%86%D1%82%D0%B2%D0%BE_%D0%93%D0%B0%D0%BB%D0%B8%D1%87%D0%B8%D0%BD%D0%B8_%D0%B2%D1%96%D1%82%D0%B0%D1%94_%D0%B4%D0%BE%D0%B1%D1%80%D0%BE%D0%B2%D0%BE%D0%BB%D1%8C%D1%86%D1%96%D0%B2._%D0%9D%D0%B0_%D0%BF%D0%B5%D1%80%D0%B5%D0%B4%D0%BD%D1%8C%D0%BE%D0%BC%D1%83_%D0%BF%D0%BB%D0%B0%D0%BD%D1%96_-_%D0%93%D0%BE%D0%BB%D0%BE%D0%B2%D0%B0_%D0%92%D1%96%D0%B9%D1%81%D1%8C%D0%BA%D0%BE%D0%B2%D0%BE%D1%97_%D0%A3%D0%BF%D1%80%D0%B0%D0%B2%D0%B8_%D0%BF%D0%BE%D0%BB%D0%BA._%D0%91%D1%96%D0%B7%D0%B0%D0%BD%D1%86..jpg;PDM, Public domain;Unknown author
271;1576.12;1581.84;COM;271.jpg;"Monument to the 14th Waffen Grenadier Division of the SS ""Galicia"" in an Elkins Park Cemetery.jpg";https://commons.wikimedia.org/wiki/File%3AMonument_to_the_14th_Waffen_Grenadier_Division_of_the_SS_%22Galicia%22_in_an_Elkins_Park_Cemetery.jpg;PDM, Public domain;Jarrad Saffren
272;1581.84;1588.90;COM;272.jpg;Zumkampf.jpg;https://commons.wikimedia.org/wiki/File%3AZumkampf.jpg;Public domain;propaganda companie of the SS Galicia Division
273;1588.90;1593.56;COM;273.jpg;Soviet POWs.jpg;https://commons.wikimedia.org/wiki/File%3ASoviet_POWs.jpg;CC BY 4.0, Public domain;Military Museum of Finland
274;1593.56;1599.82;COM;274.jpg;Soviet Prisoners of War in Finland, Winter War.jpg;https://commons.wikimedia.org/wiki/File%3ASoviet_Prisoners_of_War_in_Finland%2C_Winter_War.jpg;Public domain;SA-kuva
275;1599.82;1604.58;COM;275.jpg;Prisoner of war, mass, Soviet soldier Fortepan 73897.jpg;https://commons.wikimedia.org/wiki/File%3APrisoner_of_war%2C_mass%2C_Soviet_soldier_Fortepan_73897.jpg;Public domain;FOTO:Fortepan — ID 73897 : Adományozó/Donor: Unknown. archive copy at…
276;1604.58;1608.80;COM;276.jpg;Movie camera, prisoner of war, war correspondent, Soviet soldier, woman soldier Fortepan 29158.jpg;https://commons.wikimedia.org/wiki/File%3AMovie_camera%2C_prisoner_of_war%2C_war_correspondent%2C_Soviet_soldier%2C_woman_soldier_Fortepan_29158.jpg;Public domain;FOTO:Fortepan — ID 29158 : Adományozó/Donor: Unknown
277;1608.80;1615.94;COM;277.jpg;Soviet prisoners of war under the Lithuanian rebels (Lithuanian Activist Front) control in Eastern Lithuania, 1941.jpg;https://commons.wikimedia.org/wiki/File%3ASoviet_prisoners_of_war_under_the_Lithuanian_rebels_%28Lithuanian_Activist_Front%29_control_in_Eastern_Lithuania%2C_1941.jpg;Public domain;Unknown Unknown , currently in the archives of the Genocide and…
278;1615.94;1623.18;COM;278.jpg;German pows stalingrad 1943.jpg;https://commons.wikimedia.org/wiki/File%3AGerman_pows_stalingrad_1943.jpg;Public domain;Not mentioned, Soviet military personnel
279;1623.18;1627.60;COM;279.jpg;Military, prisoner of war, horse, Soviet soldier Fortepan 29114.jpg;https://commons.wikimedia.org/wiki/File%3AMilitary%2C_prisoner_of_war%2C_horse%2C_Soviet_soldier_Fortepan_29114.jpg;Public domain;FOTO:Fortepan — ID 29114 : Adományozó/Donor: Unknown. archive copy at…
280;1627.60;1633.78;COM;280.jpg;Prisoner of war, Soviet soldier Fortepan 73898.jpg;https://commons.wikimedia.org/wiki/File%3APrisoner_of_war%2C_Soviet_soldier_Fortepan_73898.jpg;Public domain;FOTO:Fortepan — ID 73898 : Adományozó/Donor: Unknown
281;1633.78;1639.80;COM;281.jpg;Red Army soldiers as prisoners of war in the town square of Leipalingis, July 1941, Lithuania.jpg;https://commons.wikimedia.org/wiki/File%3ARed_Army_soldiers_as_prisoners_of_war_in_the_town_square_of_Leipalingis%2C_July_1941%2C_Lithuania.jpg;Public domain;Unknown author
282;1639.80;1645.20;COM;282.jpg;Russian prisoners of war laukovat mine Vuosalmi 2.9. 1941..jpg;https://commons.wikimedia.org/wiki/File%3ARussian_prisoners_of_war_laukovat_mine_Vuosalmi_2.9._1941..jpg;Public domain;Finnish Defence Forces
283;1645.20;1650.40;IA;283.png;German prisoners of war with shaved heads marching in a Soviet labor camp in the snow, guards, 1949;;Generada con IA (SD-Turbo, Stability AI Community License);
284;1650.40;1654.50;BA;284.jpg;Bundesarchiv B 145 Bild-F003028-0001, Lager Friedland, Ankunft von Kriegsheimkehrern.jpg;https://commons.wikimedia.org/wiki/File%3ABundesarchiv_B_145_Bild-F003028-0001%2C_Lager_Friedland%2C_Ankunft_von_Kriegsheimkehrern.jpg;CC BY-SA 3.0 de;Bundesarchiv, B 145 Bild-F003028-0001 / CC-BY-SA 3.0
285;1654.50;1665.02;BA;285.jpg;Bundesarchiv B 145 Bild-F003023-0009, Lager Friedland, suchende Angehörige.jpg;https://commons.wikimedia.org/wiki/File%3ABundesarchiv_B_145_Bild-F003023-0009%2C_Lager_Friedland%2C_suchende_Angeh%C3%B6rige.jpg;CC BY-SA 3.0 de;Bundesarchiv, B 145 Bild-F003023-0009 / CC-BY-SA 3.0
286;1665.02;1671.82;BA;286.jpg;Bundesarchiv B 145 Bild-F003028-0007, Lager Friedland, suchende Angehörige.jpg;https://commons.wikimedia.org/wiki/File%3ABundesarchiv_B_145_Bild-F003028-0007%2C_Lager_Friedland%2C_suchende_Angeh%C3%B6rige.jpg;CC BY-SA 3.0 de;Bundesarchiv, B 145 Bild-F003028-0007 / CC-BY-SA 3.0
287;1671.82;1675.22;BA;287.jpg;Bundesarchiv Bild 146-1987-053-38, Lager Friedland, Ankunft von Kriegsheimkehrern.jpg;https://commons.wikimedia.org/wiki/File%3ABundesarchiv_Bild_146-1987-053-38%2C_Lager_Friedland%2C_Ankunft_von_Kriegsheimkehrern.jpg;CC BY-SA 3.0 de;Bundesarchiv, Bild 146-1987-053-38 / CC-BY-SA 3.0
288;1675.22;1682.74;COM;288.jpg;Brunnen am Grenzdurchgangslager 1.jpg;https://commons.wikimedia.org/wiki/File%3ABrunnen_am_Grenzdurchgangslager_1.jpg;CC BY 4.0;Gerd Fahrenhorst
289;1682.74;1687.73;COM;289.jpg;Brunnen am Grenzdurchgangslager 4.jpg;https://commons.wikimedia.org/wiki/File%3ABrunnen_am_Grenzdurchgangslager_4.jpg;CC BY 4.0;Gerd Fahrenhorst
290;1687.73;1695.88;COM;290.jpg;Traves église 8.JPG;https://commons.wikimedia.org/wiki/File%3ATraves_%C3%A9glise_8.JPG;CC BY-SA 3.0, GFDL;Ginette Mathis
291;1695.88;1704.08;COM;291.jpg;Traves. Maison de justice.jpg;https://commons.wikimedia.org/wiki/File%3ATraves._Maison_de_justice.jpg;CC BY-SA 4.0;Espirat
292;1704.08;1707.18;COM;292.jpg;Joachim Peiper grave.jpg;https://commons.wikimedia.org/wiki/File%3AJoachim_Peiper_grave.jpg;CC BY-SA 4.0;Osamu Suzuki
293;1707.18;1718.02;IA;293.png;graffiti painted on a stone wall of a French village house, night, 1976, text unreadable;;Generada con IA (SD-Turbo, Stability AI Community License);
294;1718.02;1724.40;IA;294.png;a stone house burning at night beside a river, flames and smoke, rural France 1976;;Generada con IA (SD-Turbo, Stability AI Community License);
295;1724.40;1731.45;IA;295.png;burned ruins of a house at dawn, smoke, firemen standing, rural France 1976;;Generada con IA (SD-Turbo, Stability AI Community License);
296;1731.45;1734.56;IA;296.png;a river bank in rural eastern France at dawn with mist, quiet, 1976;;Generada con IA (SD-Turbo, Stability AI Community License);
297;1734.56;1738.45;IA;297.png;charred roof beams against the sky after a fire, black and white;;Generada con IA (SD-Turbo, Stability AI Community License);
298;1738.45;1743.54;COM;298.jpg;"Bitburg (Eifel); Soldatenfriedhof und Kriegsgräberstätte Kolmeshöhe d.jpg";https://commons.wikimedia.org/wiki/File%3ABitburg_%28Eifel%29%3B_Soldatenfriedhof_und_Kriegsgr%C3%A4berst%C3%A4tte_Kolmesh%C3%B6he_d.jpg;CC BY-SA 3.0;Colling-architektur
299;1743.54;1748.68;COM;299.jpg;"Bitburg (Eifel); Soldatenfriedhof und Kriegsgräberstätte Kolmeshöhe e.jpg";https://commons.wikimedia.org/wiki/File%3ABitburg_%28Eifel%29%3B_Soldatenfriedhof_und_Kriegsgr%C3%A4berst%C3%A4tte_Kolmesh%C3%B6he_e.jpg;CC BY-SA 3.0;Colling-architektur
300;1748.68;1756.00;COM;300.jpg;"Bitburg (Eifel); Soldatenfriedhof und Kriegsgräberstätte Kolmeshöhe a.jpg";https://commons.wikimedia.org/wiki/File%3ABitburg_%28Eifel%29%3B_Soldatenfriedhof_und_Kriegsgr%C3%A4berst%C3%A4tte_Kolmesh%C3%B6he_a.jpg;CC BY-SA 3.0;Colling-architektur
301;1756.00;1759.80;COM;301.jpg;2985818 Gräber deutscher Soldaten, Kriegsgräberstätte Bitburg-Kolmeshöhe 2016.jpg;https://commons.wikimedia.org/wiki/File%3A2985818_Gr%C3%A4ber_deutscher_Soldaten%2C_Kriegsgr%C3%A4berst%C3%A4tte_Bitburg-Kolmesh%C3%B6he_2016.jpg;Public domain;U.S. Air Force photo by Staff Sgt. Joe W. McFadden
302;1759.80;1767.42;COM;302.jpg;"Bitburg (Eifel); Soldatenfriedhof und Kriegsgräberstätte Kolmeshöhe h.jpg";https://commons.wikimedia.org/wiki/File%3ABitburg_%28Eifel%29%3B_Soldatenfriedhof_und_Kriegsgr%C3%A4berst%C3%A4tte_Kolmesh%C3%B6he_h.jpg;CC BY-SA 3.0;Colling-architektur
303;1767.42;1776.48;COM;303.jpg;"Bitburg (Eifel); Soldatenfriedhof und Kriegsgräberstätte Kolmeshöhe q.jpg";https://commons.wikimedia.org/wiki/File%3ABitburg_%28Eifel%29%3B_Soldatenfriedhof_und_Kriegsgr%C3%A4berst%C3%A4tte_Kolmesh%C3%B6he_q.jpg;CC BY-SA 3.0;Colling-architektur
304;1776.48;1783.63;COM;304.jpg;"Bitburg (Eifel); Soldatenfriedhof und Kriegsgräberstätte Kolmeshöhe f.jpg";https://commons.wikimedia.org/wiki/File%3ABitburg_%28Eifel%29%3B_Soldatenfriedhof_und_Kriegsgr%C3%A4berst%C3%A4tte_Kolmesh%C3%B6he_f.jpg;CC BY-SA 3.0;Colling-architektur
305;1783.63;1788.04;COM;305.jpg;"Bitburg (Eifel); Soldatenfriedhof und Kriegsgräberstätte Kolmeshöhe o.jpg";https://commons.wikimedia.org/wiki/File%3ABitburg_%28Eifel%29%3B_Soldatenfriedhof_und_Kriegsgr%C3%A4berst%C3%A4tte_Kolmesh%C3%B6he_o.jpg;CC BY-SA 3.0;Colling-architektur
306;1788.04;1791.16;COM;306.jpg;"Bitburg (Eifel); Soldatenfriedhof und Kriegsgräberstätte Kolmeshöhe n.jpg";https://commons.wikimedia.org/wiki/File%3ABitburg_%28Eifel%29%3B_Soldatenfriedhof_und_Kriegsgr%C3%A4berst%C3%A4tte_Kolmesh%C3%B6he_n.jpg;CC BY-SA 3.0;Colling-architektur
307;1791.16;1793.26;COM;307.jpg;"Bitburg (Eifel); Soldatenfriedhof und Kriegsgräberstätte Kolmeshöhe m.jpg";https://commons.wikimedia.org/wiki/File%3ABitburg_%28Eifel%29%3B_Soldatenfriedhof_und_Kriegsgr%C3%A4berst%C3%A4tte_Kolmesh%C3%B6he_m.jpg;CC BY-SA 3.0;Colling-architektur
308;1793.26;1803.74;COM;308.jpg;Günter Grass auf dem Blauen Sofa.jpg;https://commons.wikimedia.org/wiki/File%3AG%C3%BCnter_Grass_auf_dem_Blauen_Sofa.jpg;CC BY 2.0;Blaues Sofa from Berlin, Deutschland
309;1803.74;1810.56;COM;309.jpg;"Quotation from ""The Tin Drum"" at Gdańsk Główny train station.jpg";https://commons.wikimedia.org/wiki/File%3AQuotation_from_%22The_Tin_Drum%22_at_Gda%C5%84sk_G%C5%82%C3%B3wny_train_station.jpg;Public domain;Günter Grass and Polish translator of literature
310;1810.56;1817.16;COM;310.jpg;Anwesen Günter und Ute Grass 2025.jpg;https://commons.wikimedia.org/wiki/File%3AAnwesen_G%C3%BCnter_und_Ute_Grass_2025.jpg;CC BY-SA 4.0;BS Hochschulstadtteil
311;1817.16;1820.38;COM;311.jpg;Alfred Doeblin Haus Wewelsfleth 2009.jpg;https://commons.wikimedia.org/wiki/File%3AAlfred_Doeblin_Haus_Wewelsfleth_2009.jpg;Public domain;Marcus Jensen
312;1820.38;1825.40;COM;312.jpg;Grave Guenter Grass in Behlendorf.jpg;https://commons.wikimedia.org/wiki/File%3AGrave_Guenter_Grass_in_Behlendorf.jpg;CC BY 3.0, GFDL;BS Hochschulstadtteil
313;1825.40;1830.02;COM;313.jpg;Fassade GGH 2021.jpg;https://commons.wikimedia.org/wiki/File%3AFassade_GGH_2021.jpg;CC BY-SA 4.0;Oskarchen2020
314;1830.02;1838.12;COM;314.jpg;Aachen Landgericht.jpg;https://commons.wikimedia.org/wiki/File%3AAachen_Landgericht.jpg;CC BY-SA 3.0, GFDL;Norbert Schnitzler
315;1838.12;1848.14;COM;315.jpg;Aachen Landgericht West.jpg;https://commons.wikimedia.org/wiki/File%3AAachen_Landgericht_West.jpg;CC BY-SA 3.0, GFDL;Norbert Schnitzler
316;1848.14;1856.56;COM;316.jpg;20200904 Justizzentrum Aachen 02.jpg;https://commons.wikimedia.org/wiki/File%3A20200904_Justizzentrum_Aachen_02.jpg;CC BY 4.0;Flocci Nivis
317;1856.56;1861.18;COM;317.jpg;Amts- und Landgericht, Aachen.JPG;https://commons.wikimedia.org/wiki/File%3AAmts-_und_Landgericht%2C_Aachen.JPG;CC BY 3.0, GFDL;ArthurMcGill
318;1861.18;1863.88;BA;318.jpg;Bundesarchiv B 145 Bild-F091457-0006, Bundestag, Plenarsaal während Sitzung.jpg;https://commons.wikimedia.org/wiki/File%3ABundesarchiv_B_145_Bild-F091457-0006%2C_Bundestag%2C_Plenarsaal_w%C3%A4hrend_Sitzung.jpg;CC BY-SA 3.0 de;Bundesarchiv, B 145 Bild-F091457-0006 / Munker, Georg / CC-BY-SA 3.0
319;1863.88;1869.62;BA;319.jpg;Bundesarchiv B 145 Bild-F091457-0001, Bundestag, Plenarsaal vor Säuberung.jpg;https://commons.wikimedia.org/wiki/File%3ABundesarchiv_B_145_Bild-F091457-0001%2C_Bundestag%2C_Plenarsaal_vor_S%C3%A4uberung.jpg;CC BY-SA 3.0 de;Bundesarchiv, B 145 Bild-F091457-0001 / Munker, Georg / CC-BY-SA 3.0
320;1869.62;1874.90;BA;320.jpg;Bundesarchiv B 145 Bild-F091457-0003, Bundestag, Plenarsaal während Sitzung.jpg;https://commons.wikimedia.org/wiki/File%3ABundesarchiv_B_145_Bild-F091457-0003%2C_Bundestag%2C_Plenarsaal_w%C3%A4hrend_Sitzung.jpg;CC BY-SA 3.0 de;Bundesarchiv, B 145 Bild-F091457-0003 / Munker, Georg / CC-BY-SA 3.0
321;1874.90;1880.14;BA;321.jpg;Bundesarchiv B 145 Bild-F091457-0004, Bundestag, Plenarsaal während Sitzung.jpg;https://commons.wikimedia.org/wiki/File%3ABundesarchiv_B_145_Bild-F091457-0004%2C_Bundestag%2C_Plenarsaal_w%C3%A4hrend_Sitzung.jpg;CC BY-SA 3.0 de;Bundesarchiv, B 145 Bild-F091457-0004 / Munker, Georg / CC-BY-SA 3.0
322;1880.14;1887.96;BA;322.jpg;Bundesarchiv B 145 Bild-F091457-0007, Bundestag, Plenarsaal während Sitzung.jpg;https://commons.wikimedia.org/wiki/File%3ABundesarchiv_B_145_Bild-F091457-0007%2C_Bundestag%2C_Plenarsaal_w%C3%A4hrend_Sitzung.jpg;CC BY-SA 3.0 de;Bundesarchiv, B 145 Bild-F091457-0007 / Munker, Georg / CC-BY-SA 3.0
323;1887.96;1893.40;BA;323.jpg;Bundesarchiv B 145 Bild-F091457-0005, Bundestag, Plenarsaal während Sitzung.jpg;https://commons.wikimedia.org/wiki/File%3ABundesarchiv_B_145_Bild-F091457-0005%2C_Bundestag%2C_Plenarsaal_w%C3%A4hrend_Sitzung.jpg;CC BY-SA 3.0 de;Bundesarchiv, B 145 Bild-F091457-0005 / Munker, Georg / CC-BY-SA 3.0
324;1893.40;1896.34;COM;324.jpg;Den Lotyšské legie (17).jpg;https://commons.wikimedia.org/wiki/File%3ADen_Loty%C5%A1sk%C3%A9_legie_%2817%29.jpg;CC BY 3.0;Dezidor
325;1896.34;1903.54;COM;325.jpg;Den Lotyšské legie (6).jpg;https://commons.wikimedia.org/wiki/File%3ADen_Loty%C5%A1sk%C3%A9_legie_%286%29.jpg;CC BY 3.0;Dezidor
326;1903.54;1909.12;IA;326.png;protesters holding signs on a city street in Riga in winter, police line, 2010s;;Generada con IA (SD-Turbo, Stability AI Community License);
327;1909.12;1918.96;COM;327.jpg;West Block Temp House of Commons, 2022.jpg;https://commons.wikimedia.org/wiki/File%3AWest_Block_Temp_House_of_Commons%2C_2022.jpg;CC BY-SA 4.0;Hutima
328;1918.96;1924.36;COM;328.jpg;Diefenbaker addressing the House of Commons Jan 1959 (4301796).jpg;https://commons.wikimedia.org/wiki/File%3ADiefenbaker_addressing_the_House_of_Commons_Jan_1959_%284301796%29.jpg;Public domain;Chris Lund
329;1924.36;1929.36;COM;329.jpg;House of Commons at West Block.jpg;https://commons.wikimedia.org/wiki/File%3AHouse_of_Commons_at_West_Block.jpg;CC BY-SA 4.0;Takipoint123
330;1929.36;1932.74;COM;330.jpg;Parliament2.jpg;https://commons.wikimedia.org/wiki/File%3AParliament2.jpg;CC BY-SA 3.0, GFDL;Photo by Montrealais
331;1932.74;1938.68;COM;331.jpg;The Parliament. The House of Commons Chamber - Ottawa, Canada - panoramio.jpg;https://commons.wikimedia.org/wiki/File%3AThe_Parliament._The_House_of_Commons_Chamber_-_Ottawa%2C_Canada_-_panoramio.jpg;CC BY-SA 3.0;Sergey Ashmarin
332;1938.68;1944.05;COM;332.jpg;House of Commons Canada, Ottawa.jpg;https://commons.wikimedia.org/wiki/File%3AHouse_of_Commons_Canada%2C_Ottawa.jpg;CC BY 2.0;416style
333;1944.05;1951.12;COM;333.jpg;Commons Chamber showing, Speaker's Chair, Clerk's table and rear gallery, House of Commons, Parliament Buildings.jpg;https://commons.wikimedia.org/wiki/File%3ACommons_Chamber_showing%2C_Speaker%27s_Chair%2C_Clerk%27s_table_and_rear_gallery%2C_House_of_Commons%2C_Parliament_Buildings.jpg;PD-1923, Public domain;Esson, James
334;1951.12;1956.56;GRAF;334.png;gráfico propio (mapas: Natural Earth, dominio público);;propio;
335;1956.56;1961.80;BA;335.jpg;Bundesarchiv Bild 101III-Weill-059-26, Metz, Heinrich Himmler.jpg;https://commons.wikimedia.org/wiki/File%3ABundesarchiv_Bild_101III-Weill-059-26%2C_Metz%2C_Heinrich_Himmler.jpg;CC BY-SA 3.0 de;Bundesarchiv, Bild 101III-Weill-059-26 / Weill / CC-BY-SA 3.0
336;1961.80;1965.58;BA;336.jpg;Bundesarchiv Bild 183-R65485, Joachim Peiper (3x4).jpg;https://commons.wikimedia.org/wiki/File%3ABundesarchiv_Bild_183-R65485%2C_Joachim_Peiper_%283x4%29.jpg;CC BY-SA 3.0 de;Bundesarchiv, Bild 183-R65485 / CC-BY-SA 3.0
337;1965.58;1968.60;IA;337.png;silhouette of a house on fire at night reflected in a dark river;;Generada con IA (SD-Turbo, Stability AI Community License);
338;1968.60;1974.12;COM;338.jpg;Grab Kurt Meyer.jpg;https://commons.wikimedia.org/wiki/File%3AGrab_Kurt_Meyer.jpg;CC BY-SA 4.0;Harvey Kneeslapper
339;1974.12;1979.09;COM;339.jpg;Léon Degrelle.jpg;https://commons.wikimedia.org/wiki/File%3AL%C3%A9on_Degrelle.jpg;Public domain;Unknown author
340;1979.09;1984.48;COM;340.jpg;Mengele (cropped).jpg;https://commons.wikimedia.org/wiki/File%3AMengele_%28cropped%29.jpg;Public domain;Bernhard Walther or Ernst Hofmann or Karl-Friedrich Höcker
341;1984.48;1990.46;COM;341.jpg;Aachen Landgericht Portal.jpg;https://commons.wikimedia.org/wiki/File%3AAachen_Landgericht_Portal.jpg;CC BY-SA 3.0, GFDL;Norbert Schnitzler
342;1990.46;1994.12;IA;342.png;an old desk with a typewriter, a pipe and a stack of manuscripts in a dim study, 2006;;Generada con IA (SD-Turbo, Stability AI Community License);
343;1994.12;2001.28;COM;343.jpg;Elderly man in Rhodes, Greece (black and white).jpg;https://commons.wikimedia.org/wiki/File%3AElderly_man_in_Rhodes%2C_Greece_%28black_and_white%29.jpg;CC BY 3.0;Martin Hricko
344;2001.28;2008.68;COM;344.jpg;Old peasant with dagger and long smoking pipe, Mestia, Svanetia, Georgia (Republic).jpg;https://commons.wikimedia.org/wiki/File%3AOld_peasant_with_dagger_and_long_smoking_pipe%2C_Mestia%2C_Svanetia%2C_Georgia_%28Republic%29.jpg;Public domain;Unknown photographer, restored by Adam Cuerden
345;2008.68;2014.62;COM;345.jpg;Old Asian Man in Black and White.jpg;https://commons.wikimedia.org/wiki/File%3AOld_Asian_Man_in_Black_and_White.jpg;CC0;Ton Henry
346;2014.62;2016.40;IA;346.png;close-up of the hands of an old man folded on a table, 1990s;;Generada con IA (SD-Turbo, Stability AI Community License);
347;2016.40;2023.20;CLIP;347.mp4;Universal Newsreel: 1945-11-29 Nuremberg War Crimes Trials Open (desde 116 s);https://archive.org/details/universal_newsreels;Dominio público;
348;2023.20;2026.66;CLIP;348.mp4;Universal Newsreel: 1946-10-08 21 Nazi Chiefs Guilty (desde 196 s);https://archive.org/details/universal_newsreels;Dominio público;
349;2026.66;2030.66;GRAF;349.png;gráfico propio (mapas: Natural Earth, dominio público);;propio;
350;2030.66;2036.16;GRAF;350.png;gráfico propio (mapas: Natural Earth, dominio público);;propio;
351;2036.16;2042.72;GRAF;351.png;gráfico propio (mapas: Natural Earth, dominio público);;propio;
352;2042.72;2049.40;GRAF;352.png;gráfico propio (mapas: Natural Earth, dominio público);;propio;
353;2049.40;2054.69;GRAF;353.png;gráfico propio (mapas: Natural Earth, dominio público);;propio;
