inicio_s;archivo;bloque (escena)
0.00;../familia-stauffenberg/musica/Anguish.mp3;hook (001)
142.68;../familia-stauffenberg/musica/Apprehension.mp3;qué eran (027)
270.18;../familia-stauffenberg/musica/Anxiety.mp3;crímenes (046)
404.60;../familia-stauffenberg/musica/Aftermath.mp3;mayo de 1945 (070)
563.66;../familia-stauffenberg/musica/Atlantean_Twilight.mp3;Núremberg y Malmedy (097)
754.06;../familia-stauffenberg/musica/Almost_in_F.mp3;Kurt Meyer y la HIAG (131)
1028.81;../familia-stauffenberg/musica/At_Rest.mp3;Oradour en Burdeos (177)
1183.10;../familia-stauffenberg/musica/Awaiting_Return.mp3;las huidas (203)
1422.92;../familia-stauffenberg/musica/Ambiment.mp3;los extranjeros (244)
1588.90;../familia-stauffenberg/musica/Anxiety.mp3;cautivos en la URSS (273)
1687.73;../familia-stauffenberg/musica/Apprehension.mp3;el pasado vuelve (290)
1951.12;../familia-stauffenberg/musica/Bathed_in_the_Light.mp3;cierre (334)
